datetime,site_id,variable,depth,observation
2013-05-14T00:00:00Z,PRPO,temperature,NA,NA
2013-05-23T00:00:00Z,PRPO,temperature,NA,NA
2013-06-15T00:00:00Z,PRPO,temperature,NA,NA
2013-06-24T00:00:00Z,PRPO,temperature,NA,NA
2013-07-10T00:00:00Z,PRPO,temperature,NA,NA
2013-07-17T00:00:00Z,PRPO,temperature,NA,NA
2013-08-11T00:00:00Z,PRPO,temperature,NA,NA
2013-08-18T00:00:00Z,PRPO,temperature,NA,NA
2013-08-27T00:00:00Z,PRPO,temperature,NA,NA
2013-09-03T00:00:00Z,PRPO,temperature,NA,NA
2013-09-12T00:00:00Z,PRPO,temperature,NA,NA
2013-11-15T00:00:00Z,PRPO,temperature,NA,NA
2014-04-08T00:00:00Z,PRPO,temperature,NA,NA
2014-05-01T00:00:00Z,PRPO,temperature,NA,NA
2014-05-26T00:00:00Z,PRPO,temperature,NA,NA
2014-07-13T00:00:00Z,PRPO,temperature,NA,NA
2014-07-20T00:00:00Z,PRPO,temperature,NA,NA
2014-08-30T00:00:00Z,PRPO,temperature,NA,NA
2014-09-06T00:00:00Z,PRPO,temperature,NA,NA
2014-09-15T00:00:00Z,PRPO,temperature,NA,NA
2014-09-22T00:00:00Z,PRPO,temperature,NA,NA
2014-10-24T00:00:00Z,PRPO,temperature,NA,NA
2015-03-17T00:00:00Z,PRPO,temperature,NA,NA
2015-04-11T00:00:00Z,PRPO,temperature,NA,NA
2015-04-18T00:00:00Z,PRPO,temperature,NA,NA
2015-05-04T00:00:00Z,PRPO,temperature,NA,NA
2015-05-20T00:00:00Z,PRPO,temperature,NA,NA
2015-06-14T00:00:00Z,PRPO,temperature,NA,NA
2015-07-23T00:00:00Z,PRPO,temperature,NA,NA
2015-08-01T00:00:00Z,PRPO,temperature,NA,NA
2015-08-08T00:00:00Z,PRPO,temperature,NA,NA
2015-08-24T00:00:00Z,PRPO,temperature,NA,NA
2015-09-02T00:00:00Z,PRPO,temperature,NA,NA
2015-09-25T00:00:00Z,PRPO,temperature,NA,NA
2016-03-12T00:00:00Z,PRPO,temperature,NA,NA
2016-03-19T00:00:00Z,PRPO,temperature,NA,NA
2016-03-28T00:00:00Z,PRPO,temperature,NA,NA
2016-04-04T00:00:00Z,PRPO,temperature,NA,NA
2016-04-13T00:00:00Z,PRPO,temperature,NA,NA
2016-04-20T00:00:00Z,PRPO,temperature,NA,NA
2016-04-29T00:00:00Z,PRPO,temperature,NA,NA
2016-05-15T00:00:00Z,PRPO,temperature,NA,NA
2016-06-07T00:00:00Z,PRPO,temperature,NA,NA
2016-06-16T00:00:00Z,PRPO,temperature,NA,NA
2016-06-23T00:00:00Z,PRPO,temperature,NA,NA
2016-07-25T00:00:00Z,PRPO,temperature,NA,NA
2016-08-03T00:00:00Z,PRPO,temperature,NA,NA
2016-08-10T00:00:00Z,PRPO,temperature,NA,NA
2016-09-11T00:00:00Z,PRPO,temperature,NA,NA
2016-09-27T00:00:00Z,PRPO,temperature,NA,NA
2016-10-13T00:00:00Z,PRPO,temperature,NA,NA
2016-11-07T00:00:00Z,PRPO,temperature,NA,NA
2017-05-02T00:00:00Z,PRPO,temperature,NA,NA
2017-05-18T00:00:00Z,PRPO,temperature,NA,NA
2017-06-03T00:00:00Z,PRPO,temperature,NA,NA
2017-06-10T00:00:00Z,PRPO,temperature,NA,NA
2017-06-19T00:00:00Z,PRPO,temperature,NA,NA
2017-06-26T00:00:00Z,PRPO,temperature,NA,NA
2017-07-05T00:00:00Z,PRPO,temperature,NA,NA
2017-07-28T00:00:00Z,PRPO,temperature,NA,NA
2017-08-13T00:00:00Z,PRPO,temperature,NA,NA
2017-08-22T00:00:00Z,PRPO,temperature,NA,NA
2017-08-29T00:00:00Z,PRPO,temperature,NA,NA
2017-09-07T00:00:00Z,PRPO,temperature,NA,NA
2018-04-26T00:00:00Z,PRPO,temperature,NA,NA
2018-05-05T00:00:00Z,PRPO,temperature,NA,NA
2018-05-21T00:00:00Z,PRPO,temperature,NA,NA
2018-06-06T00:00:00Z,PRPO,temperature,0,20.560285714285715
2018-06-06T00:00:00Z,PRPO,temperature,0.25,20.46257142857143
2018-06-06T00:00:00Z,PRPO,temperature,0.5,20.365714285714287
2018-06-06T00:00:00Z,PRPO,temperature,0.75,20.16857142857143
2018-06-06T00:00:00Z,PRPO,temperature,1,19.824571428571428
2018-06-13T00:00:00Z,PRPO,temperature,0,20.039166666666667
2018-06-13T00:00:00Z,PRPO,temperature,0.25,20.028125
2018-06-13T00:00:00Z,PRPO,temperature,0.5,20.017291666666665
2018-06-13T00:00:00Z,PRPO,temperature,0.75,20.005208333333332
2018-06-13T00:00:00Z,PRPO,temperature,1,19.992916666666662
2018-06-22T00:00:00Z,PRPO,temperature,0,23.671875
2018-06-22T00:00:00Z,PRPO,temperature,0.25,22.465
2018-06-22T00:00:00Z,PRPO,temperature,0.5,21.606875
2018-06-22T00:00:00Z,PRPO,temperature,0.75,21.027708333333333
2018-06-22T00:00:00Z,PRPO,temperature,1,20.495
2018-07-15T00:00:00Z,PRPO,temperature,0,24.733958333333337
2018-07-15T00:00:00Z,PRPO,temperature,0.25,24.726666666666667
2018-07-15T00:00:00Z,PRPO,temperature,0.5,24.715833333333332
2018-07-15T00:00:00Z,PRPO,temperature,0.75,24.699791666666663
2018-07-15T00:00:00Z,PRPO,temperature,1,24.669791666666665
2018-07-24T00:00:00Z,PRPO,temperature,0,22.212916666666665
2018-07-24T00:00:00Z,PRPO,temperature,0.25,22.094583333333333
2018-07-24T00:00:00Z,PRPO,temperature,0.5,21.992708333333333
2018-07-24T00:00:00Z,PRPO,temperature,0.75,21.890416666666667
2018-07-24T00:00:00Z,PRPO,temperature,1,21.83875
2018-07-31T00:00:00Z,PRPO,temperature,0,22.550208333333337
2018-07-31T00:00:00Z,PRPO,temperature,0.25,22.254375
2018-07-31T00:00:00Z,PRPO,temperature,0.5,21.922916666666666
2018-07-31T00:00:00Z,PRPO,temperature,0.75,21.67395833333333
2018-07-31T00:00:00Z,PRPO,temperature,1,21.440416666666668
2018-08-09T00:00:00Z,PRPO,temperature,0,23.927708333333335
2018-08-09T00:00:00Z,PRPO,temperature,0.25,23.75625
2018-08-09T00:00:00Z,PRPO,temperature,0.5,23.397083333333335
2018-08-09T00:00:00Z,PRPO,temperature,0.75,22.94875
2018-08-09T00:00:00Z,PRPO,temperature,1,22.515416666666667
2018-08-16T00:00:00Z,PRPO,temperature,0,22.426666666666662
2018-08-16T00:00:00Z,PRPO,temperature,0.25,21.855208333333337
2018-08-16T00:00:00Z,PRPO,temperature,0.5,21.428958333333338
2018-08-16T00:00:00Z,PRPO,temperature,0.75,21.311458333333334
2018-08-16T00:00:00Z,PRPO,temperature,1,21.257291666666667
2018-09-01T00:00:00Z,PRPO,temperature,0,19.378333333333337
2018-09-01T00:00:00Z,PRPO,temperature,0.25,19.356458333333332
2018-09-01T00:00:00Z,PRPO,temperature,0.5,19.269375
2018-09-01T00:00:00Z,PRPO,temperature,0.75,19.172916666666666
2018-09-01T00:00:00Z,PRPO,temperature,1,19.115625
2018-09-10T00:00:00Z,PRPO,temperature,0,18.122083333333332
2018-09-10T00:00:00Z,PRPO,temperature,0.25,18.013333333333332
2018-09-10T00:00:00Z,PRPO,temperature,0.5,17.7425
2018-09-10T00:00:00Z,PRPO,temperature,0.75,17.6875
2018-09-10T00:00:00Z,PRPO,temperature,1,17.675208333333334
2018-10-19T00:00:00Z,PRPO,temperature,NA,NA
2018-10-28T00:00:00Z,PRPO,temperature,NA,NA
2019-04-22T00:00:00Z,PRPO,temperature,NA,NA
2019-05-31T00:00:00Z,PRPO,temperature,0,18.253541666666667
2019-05-31T00:00:00Z,PRPO,temperature,0.25,18.234166666666667
2019-05-31T00:00:00Z,PRPO,temperature,0.5,18.205208333333335
2019-05-31T00:00:00Z,PRPO,temperature,0.75,18.174791666666668
2019-05-31T00:00:00Z,PRPO,temperature,1,18.149166666666662
2019-06-09T00:00:00Z,PRPO,temperature,0,18.913541666666667
2019-06-09T00:00:00Z,PRPO,temperature,0.25,18.912708333333335
2019-06-09T00:00:00Z,PRPO,temperature,0.5,18.91125
2019-06-09T00:00:00Z,PRPO,temperature,0.75,18.906875
2019-06-09T00:00:00Z,PRPO,temperature,1,18.903541666666666
2019-06-25T00:00:00Z,PRPO,temperature,0,19.747291666666666
2019-06-25T00:00:00Z,PRPO,temperature,0.25,19.735833333333332
2019-06-25T00:00:00Z,PRPO,temperature,0.5,19.723958333333332
2019-06-25T00:00:00Z,PRPO,temperature,0.75,19.703333333333333
2019-06-25T00:00:00Z,PRPO,temperature,1,19.6775
2019-07-11T00:00:00Z,PRPO,temperature,0,23.122291666666666
2019-07-11T00:00:00Z,PRPO,temperature,0.25,23.119375
2019-07-11T00:00:00Z,PRPO,temperature,0.5,23.112708333333337
2019-07-11T00:00:00Z,PRPO,temperature,0.75,23.106458333333332
2019-07-11T00:00:00Z,PRPO,temperature,1,23.101458333333333
2019-07-18T00:00:00Z,PRPO,temperature,0,25.514375
2019-07-18T00:00:00Z,PRPO,temperature,0.25,25.50625
2019-07-18T00:00:00Z,PRPO,temperature,0.5,25.49375
2019-07-18T00:00:00Z,PRPO,temperature,0.75,25.477708333333332
2019-07-18T00:00:00Z,PRPO,temperature,1,25.465625
2019-07-27T00:00:00Z,PRPO,temperature,0,24.178125
2019-07-27T00:00:00Z,PRPO,temperature,0.25,24.117291666666667
2019-07-27T00:00:00Z,PRPO,temperature,0.5,23.959375
2019-07-27T00:00:00Z,PRPO,temperature,0.75,23.834791666666668
2019-07-27T00:00:00Z,PRPO,temperature,1,23.75125
2019-08-19T00:00:00Z,PRPO,temperature,0,19.778541666666666
2019-08-19T00:00:00Z,PRPO,temperature,0.25,19.708125
2019-08-19T00:00:00Z,PRPO,temperature,0.5,19.652083333333337
2019-08-19T00:00:00Z,PRPO,temperature,0.75,19.591041666666666
2019-08-19T00:00:00Z,PRPO,temperature,1,19.382708333333333
2019-08-28T00:00:00Z,PRPO,temperature,0,16.615416666666665
2019-08-28T00:00:00Z,PRPO,temperature,0.25,16.605416666666667
2019-08-28T00:00:00Z,PRPO,temperature,0.5,16.591458333333332
2019-08-28T00:00:00Z,PRPO,temperature,0.75,16.572916666666668
2019-08-28T00:00:00Z,PRPO,temperature,1,16.55625
2019-09-04T00:00:00Z,PRPO,temperature,0,17.331458333333334
2019-09-04T00:00:00Z,PRPO,temperature,0.25,17.32375
2019-09-04T00:00:00Z,PRPO,temperature,0.5,17.30875
2019-09-04T00:00:00Z,PRPO,temperature,0.75,17.285625
2019-09-04T00:00:00Z,PRPO,temperature,1,17.25125
2019-09-20T00:00:00Z,PRPO,temperature,0,20.203125
2019-09-20T00:00:00Z,PRPO,temperature,0.25,20.195625
2019-09-20T00:00:00Z,PRPO,temperature,0.5,20.18541666666667
2019-09-20T00:00:00Z,PRPO,temperature,0.75,20.172708333333333
2019-09-20T00:00:00Z,PRPO,temperature,1,20.161458333333332
2019-10-06T00:00:00Z,PRPO,temperature,0,7.462291666666666
2019-10-06T00:00:00Z,PRPO,temperature,0.25,7.462916666666667
2019-10-06T00:00:00Z,PRPO,temperature,0.5,7.4625
2019-10-06T00:00:00Z,PRPO,temperature,0.75,7.46375
2019-10-06T00:00:00Z,PRPO,temperature,1,7.464583333333334
2019-10-22T00:00:00Z,PRPO,temperature,0,3.918181818181818
2019-10-22T00:00:00Z,PRPO,temperature,0.25,3.92
2019-10-22T00:00:00Z,PRPO,temperature,0.5,3.923636363636364
2019-10-22T00:00:00Z,PRPO,temperature,0.75,3.9254545454545458
2019-10-22T00:00:00Z,PRPO,temperature,1,3.9272727272727272
2020-05-17T00:00:00Z,PRPO,temperature,NA,NA
2020-05-26T00:00:00Z,PRPO,temperature,NA,NA
2020-06-11T00:00:00Z,PRPO,temperature,0,18.74791666666667
2020-06-11T00:00:00Z,PRPO,temperature,0.25,18.745416666666667
2020-06-11T00:00:00Z,PRPO,temperature,0.5,18.742708333333333
2020-06-11T00:00:00Z,PRPO,temperature,0.75,18.737083333333334
2020-06-11T00:00:00Z,PRPO,temperature,1,18.734375
2020-06-27T00:00:00Z,PRPO,temperature,0,23.546875
2020-06-27T00:00:00Z,PRPO,temperature,0.25,23.523333333333333
2020-06-27T00:00:00Z,PRPO,temperature,0.5,23.465416666666663
2020-06-27T00:00:00Z,PRPO,temperature,0.75,23.341666666666665
2020-06-27T00:00:00Z,PRPO,temperature,1,23.241458333333338
2020-09-22T00:00:00Z,PRPO,temperature,0,15.969583333333333
2020-09-22T00:00:00Z,PRPO,temperature,0.25,15.947708333333331
2020-09-22T00:00:00Z,PRPO,temperature,0.5,15.918333333333331
2020-09-22T00:00:00Z,PRPO,temperature,0.75,15.903541666666667
2020-09-22T00:00:00Z,PRPO,temperature,1,15.895416666666666
2020-10-08T00:00:00Z,PRPO,temperature,0,11.186458333333333
2020-10-08T00:00:00Z,PRPO,temperature,0.25,11.18
2020-10-08T00:00:00Z,PRPO,temperature,0.5,11.179583333333332
2020-10-08T00:00:00Z,PRPO,temperature,0.75,11.177916666666668
2020-10-08T00:00:00Z,PRPO,temperature,1,11.176666666666666
2020-10-17T00:00:00Z,PRPO,temperature,0,4.815416666666667
2020-10-17T00:00:00Z,PRPO,temperature,0.25,4.815625
2020-10-17T00:00:00Z,PRPO,temperature,0.5,4.818333333333333
2020-10-17T00:00:00Z,PRPO,temperature,0.75,4.819166666666667
2020-10-17T00:00:00Z,PRPO,temperature,1,4.819375
2021-05-04T00:00:00Z,PRPO,temperature,NA,NA
2021-06-05T00:00:00Z,PRPO,temperature,NA,NA
2021-06-14T00:00:00Z,PRPO,temperature,0,22.179583333333333
2021-06-14T00:00:00Z,PRPO,temperature,0.25,21.967291666666668
2021-06-14T00:00:00Z,PRPO,temperature,0.5,21.783958333333334
2021-06-14T00:00:00Z,PRPO,temperature,0.75,21.639375
2021-06-14T00:00:00Z,PRPO,temperature,1,21.517291666666665
2021-06-21T00:00:00Z,PRPO,temperature,0,19.89375
2021-06-21T00:00:00Z,PRPO,temperature,0.25,19.890833333333333
2021-06-21T00:00:00Z,PRPO,temperature,0.5,19.883958333333332
2021-06-21T00:00:00Z,PRPO,temperature,0.75,19.874791666666667
2021-06-21T00:00:00Z,PRPO,temperature,1,19.863333333333333
2021-06-30T00:00:00Z,PRPO,temperature,0,22.79255319148936
2021-06-30T00:00:00Z,PRPO,temperature,0.25,21.974375
2021-06-30T00:00:00Z,PRPO,temperature,0.5,21.409583333333337
2021-06-30T00:00:00Z,PRPO,temperature,0.75,21.035833333333333
2021-06-30T00:00:00Z,PRPO,temperature,1,20.800416666666667
2021-07-23T00:00:00Z,PRPO,temperature,0,26.83
2021-07-23T00:00:00Z,PRPO,temperature,0.25,26.639166666666668
2021-07-23T00:00:00Z,PRPO,temperature,0.5,26.143333333333334
2021-07-23T00:00:00Z,PRPO,temperature,0.75,25.428125
2021-07-23T00:00:00Z,PRPO,temperature,1,24.733125
2021-08-01T00:00:00Z,PRPO,temperature,0,23.022916666666667
2021-08-01T00:00:00Z,PRPO,temperature,0.25,22.98
2021-08-01T00:00:00Z,PRPO,temperature,0.5,22.907708333333332
2021-08-01T00:00:00Z,PRPO,temperature,0.75,22.7825
2021-08-01T00:00:00Z,PRPO,temperature,1,22.5225
2021-08-08T00:00:00Z,PRPO,temperature,0,23.54875
2021-08-08T00:00:00Z,PRPO,temperature,0.25,23.444791666666667
2021-08-08T00:00:00Z,PRPO,temperature,0.5,23.392916666666668
2021-08-08T00:00:00Z,PRPO,temperature,0.75,23.319791666666667
2021-08-08T00:00:00Z,PRPO,temperature,1,23.243333333333332
2021-08-24T00:00:00Z,PRPO,temperature,0,19.709583333333335
2021-08-24T00:00:00Z,PRPO,temperature,0.25,19.64
2021-08-24T00:00:00Z,PRPO,temperature,0.5,19.571458333333332
2021-08-24T00:00:00Z,PRPO,temperature,0.75,19.51875
2021-08-24T00:00:00Z,PRPO,temperature,1,19.436666666666667
2021-09-09T00:00:00Z,PRPO,temperature,0,18.1725
2021-09-09T00:00:00Z,PRPO,temperature,0.25,18.164791666666662
2021-09-09T00:00:00Z,PRPO,temperature,0.5,18.156041666666667
2021-09-09T00:00:00Z,PRPO,temperature,0.75,18.140208333333337
2021-09-09T00:00:00Z,PRPO,temperature,1,18.115
2021-09-18T00:00:00Z,PRPO,temperature,0,15.401875
2021-09-18T00:00:00Z,PRPO,temperature,0.25,15.401458333333334
2021-09-18T00:00:00Z,PRPO,temperature,0.5,15.398541666666668
2021-09-18T00:00:00Z,PRPO,temperature,0.75,15.398125
2021-09-18T00:00:00Z,PRPO,temperature,1,15.396041666666669
2021-10-04T00:00:00Z,PRPO,temperature,0,16.767291666666665
2021-10-04T00:00:00Z,PRPO,temperature,0.25,16.694375
2021-10-04T00:00:00Z,PRPO,temperature,0.5,16.598958333333332
2021-10-04T00:00:00Z,PRPO,temperature,0.75,16.526041666666668
2021-10-04T00:00:00Z,PRPO,temperature,1,16.450625
2021-10-11T00:00:00Z,PRPO,temperature,0,11.445
2021-10-11T00:00:00Z,PRPO,temperature,0.25,11.447291666666668
2021-10-11T00:00:00Z,PRPO,temperature,0.5,11.445625
2021-10-11T00:00:00Z,PRPO,temperature,0.75,11.443958333333333
2021-10-11T00:00:00Z,PRPO,temperature,1,11.444166666666666
2022-05-08T00:00:00Z,PRPO,temperature,0,13.588958333333334
2022-05-08T00:00:00Z,PRPO,temperature,0.25,13.547291666666666
2022-05-08T00:00:00Z,PRPO,temperature,0.5,13.485833333333334
2022-05-08T00:00:00Z,PRPO,temperature,0.75,13.433333333333334
2022-05-08T00:00:00Z,PRPO,temperature,1,13.398541666666668
2022-05-16T00:00:00Z,PRPO,temperature,0,14.467708333333334
2022-05-16T00:00:00Z,PRPO,temperature,0.25,14.303958333333334
2022-05-16T00:00:00Z,PRPO,temperature,0.5,14.117916666666666
2022-05-16T00:00:00Z,PRPO,temperature,0.75,13.916458333333331
2022-05-16T00:00:00Z,PRPO,temperature,1,13.823541666666667
2022-05-24T00:00:00Z,PRPO,temperature,0,12.49625
2022-05-24T00:00:00Z,PRPO,temperature,0.25,12.506666666666666
2022-05-24T00:00:00Z,PRPO,temperature,0.5,12.506041666666668
2022-05-24T00:00:00Z,PRPO,temperature,0.75,12.504791666666666
2022-05-24T00:00:00Z,PRPO,temperature,1,12.502708333333333
2022-06-01T00:00:00Z,PRPO,temperature,0,14.848541666666666
2022-06-01T00:00:00Z,PRPO,temperature,0.25,14.86
2022-06-01T00:00:00Z,PRPO,temperature,0.5,14.859791666666666
2022-06-01T00:00:00Z,PRPO,temperature,0.75,14.859583333333331
2022-06-01T00:00:00Z,PRPO,temperature,1,14.857708333333331
2022-06-08T00:00:00Z,PRPO,temperature,0,18.422708333333333
2022-06-08T00:00:00Z,PRPO,temperature,0.25,18.351458333333333
2022-06-08T00:00:00Z,PRPO,temperature,0.5,18.14875
2022-06-08T00:00:00Z,PRPO,temperature,0.75,17.926041666666666
2022-06-08T00:00:00Z,PRPO,temperature,1,17.781875
2022-06-17T00:00:00Z,PRPO,temperature,0,19.803125
2022-06-17T00:00:00Z,PRPO,temperature,0.25,19.80291666666667
2022-06-17T00:00:00Z,PRPO,temperature,0.5,19.79375
2022-06-17T00:00:00Z,PRPO,temperature,0.75,19.779166666666665
2022-06-17T00:00:00Z,PRPO,temperature,1,19.763541666666665
2022-07-10T00:00:00Z,PRPO,temperature,0,25.034375
2022-07-10T00:00:00Z,PRPO,temperature,0.25,25.038958333333333
2022-07-10T00:00:00Z,PRPO,temperature,0.5,25.032708333333332
2022-07-10T00:00:00Z,PRPO,temperature,0.75,25.02166666666667
2022-07-10T00:00:00Z,PRPO,temperature,1,25.00875
2022-07-11T00:00:00Z,PRPO,temperature,0,24.978965517241377
2022-07-11T00:00:00Z,PRPO,temperature,0.25,24.998275862068965
2022-07-11T00:00:00Z,PRPO,temperature,0.5,25.001724137931035
2022-07-11T00:00:00Z,PRPO,temperature,0.75,25.003103448275866
2022-07-11T00:00:00Z,PRPO,temperature,1,25.003103448275866
2022-07-26T00:00:00Z,PRPO,temperature,0,23.309583333333332
2022-07-26T00:00:00Z,PRPO,temperature,0.25,23.313125
2022-07-26T00:00:00Z,PRPO,temperature,0.5,23.309583333333332
2022-07-26T00:00:00Z,PRPO,temperature,0.75,23.305833333333332
2022-07-26T00:00:00Z,PRPO,temperature,1,23.301041666666663
2022-07-27T00:00:00Z,PRPO,temperature,0,22.66
2022-07-27T00:00:00Z,PRPO,temperature,0.25,22.674791666666668
2022-07-27T00:00:00Z,PRPO,temperature,0.5,22.674791666666668
2022-07-27T00:00:00Z,PRPO,temperature,0.75,22.675625
2022-07-27T00:00:00Z,PRPO,temperature,1,22.675
2022-08-04T00:00:00Z,PRPO,temperature,0,22.485208333333333
2022-08-04T00:00:00Z,PRPO,temperature,0.25,22.49020833333333
2022-08-04T00:00:00Z,PRPO,temperature,0.5,22.488333333333333
2022-08-04T00:00:00Z,PRPO,temperature,0.75,22.4875
2022-08-04T00:00:00Z,PRPO,temperature,1,22.483333333333334
2022-08-27T00:00:00Z,PRPO,temperature,0,20.952083333333334
2022-08-27T00:00:00Z,PRPO,temperature,0.25,20.955625
2022-08-27T00:00:00Z,PRPO,temperature,0.5,20.952291666666667
2022-08-27T00:00:00Z,PRPO,temperature,0.75,20.94625
2022-08-27T00:00:00Z,PRPO,temperature,1,20.937708333333333
2022-09-05T00:00:00Z,PRPO,temperature,0,19.775625
2022-09-05T00:00:00Z,PRPO,temperature,0.25,19.783541666666668
2022-09-05T00:00:00Z,PRPO,temperature,0.5,19.782083333333333
2022-09-05T00:00:00Z,PRPO,temperature,0.75,19.778333333333332
2022-09-05T00:00:00Z,PRPO,temperature,1,19.7725
2022-09-13T00:00:00Z,PRPO,temperature,0,17.669166666666666
2022-09-13T00:00:00Z,PRPO,temperature,0.25,17.685625
2022-09-13T00:00:00Z,PRPO,temperature,0.5,17.685208333333332
2022-09-13T00:00:00Z,PRPO,temperature,0.75,17.683958333333333
2022-09-13T00:00:00Z,PRPO,temperature,1,17.678333333333335
2022-09-21T00:00:00Z,PRPO,temperature,0,16.175208333333334
2022-09-21T00:00:00Z,PRPO,temperature,0.25,16.187708333333333
2022-09-21T00:00:00Z,PRPO,temperature,0.5,16.192916666666665
2022-09-21T00:00:00Z,PRPO,temperature,0.75,16.196666666666665
2022-09-21T00:00:00Z,PRPO,temperature,1,16.19729166666667
2022-09-28T00:00:00Z,PRPO,temperature,0,12.988541666666666
2022-09-28T00:00:00Z,PRPO,temperature,0.25,13
2022-09-28T00:00:00Z,PRPO,temperature,0.5,13.001875
2022-09-28T00:00:00Z,PRPO,temperature,0.75,13.003125
2022-09-28T00:00:00Z,PRPO,temperature,1,13.001666666666669
2022-10-07T00:00:00Z,PRPO,temperature,0,11.119375
2022-10-07T00:00:00Z,PRPO,temperature,0.25,11.129166666666666
2022-10-07T00:00:00Z,PRPO,temperature,0.5,11.13
2022-10-07T00:00:00Z,PRPO,temperature,0.75,11.129583333333333
2022-10-07T00:00:00Z,PRPO,temperature,1,11.125625
2022-10-15T00:00:00Z,PRPO,temperature,NA,NA
2022-10-30T00:00:00Z,PRPO,temperature,0,6.375625
2022-10-30T00:00:00Z,PRPO,temperature,0.25,6.375
2022-10-30T00:00:00Z,PRPO,temperature,0.5,6.362291666666667
2022-10-30T00:00:00Z,PRPO,temperature,0.75,6.348333333333334
2022-10-30T00:00:00Z,PRPO,temperature,1,6.337291666666666
2023-05-02T00:00:00Z,PRPO,temperature,NA,NA
2023-05-03T00:00:00Z,PRPO,temperature,NA,NA
2023-05-11T00:00:00Z,PRPO,temperature,0,16.006458333333335
2023-05-11T00:00:00Z,PRPO,temperature,0.25,15.994583333333331
2023-05-11T00:00:00Z,PRPO,temperature,0.5,15.98375
2023-05-11T00:00:00Z,PRPO,temperature,0.75,15.677916666666668
2023-05-11T00:00:00Z,PRPO,temperature,1,13.339787234042554
2023-05-19T00:00:00Z,PRPO,temperature,0,14.215
2023-05-19T00:00:00Z,PRPO,temperature,0.25,14.212083333333334
2023-05-19T00:00:00Z,PRPO,temperature,0.5,14.208958333333332
2023-05-19T00:00:00Z,PRPO,temperature,0.75,14.206875
2023-05-19T00:00:00Z,PRPO,temperature,1,14.200416666666667
2023-05-26T00:00:00Z,PRPO,temperature,0,20.680625
2023-05-26T00:00:00Z,PRPO,temperature,0.25,20.680625
2023-05-26T00:00:00Z,PRPO,temperature,0.5,20.679791666666667
2023-05-26T00:00:00Z,PRPO,temperature,0.75,20.678125
2023-05-26T00:00:00Z,PRPO,temperature,1,20.674375
2023-05-27T00:00:00Z,PRPO,temperature,0,20.654166666666665
2023-05-27T00:00:00Z,PRPO,temperature,0.25,20.653958333333332
2023-05-27T00:00:00Z,PRPO,temperature,0.5,20.653125
2023-05-27T00:00:00Z,PRPO,temperature,0.75,20.652916666666663
2023-05-27T00:00:00Z,PRPO,temperature,1,20.652291666666667
2023-06-04T00:00:00Z,PRPO,temperature,0,25.806041666666665
2023-06-04T00:00:00Z,PRPO,temperature,0.25,25.752083333333335
2023-06-04T00:00:00Z,PRPO,temperature,0.5,25.623125
2023-06-04T00:00:00Z,PRPO,temperature,0.75,25.348541666666662
2023-06-04T00:00:00Z,PRPO,temperature,1,25.19125
2023-06-11T00:00:00Z,PRPO,temperature,0,23.210208333333338
2023-06-11T00:00:00Z,PRPO,temperature,0.25,23.20625
2023-06-11T00:00:00Z,PRPO,temperature,0.5,23.19708333333333
2023-06-11T00:00:00Z,PRPO,temperature,0.75,23.186875
2023-06-11T00:00:00Z,PRPO,temperature,1,23.170833333333334
2023-06-19T00:00:00Z,PRPO,temperature,0,22.935
2023-06-19T00:00:00Z,PRPO,temperature,0.25,22.932916666666667
2023-06-19T00:00:00Z,PRPO,temperature,0.5,22.926041666666663
2023-06-19T00:00:00Z,PRPO,temperature,0.75,22.918125
2023-06-19T00:00:00Z,PRPO,temperature,1,22.9075
2023-06-28T00:00:00Z,PRPO,temperature,0,21.830625
2023-06-28T00:00:00Z,PRPO,temperature,0.25,21.662916666666668
2023-06-28T00:00:00Z,PRPO,temperature,0.5,21.487291666666668
2023-06-28T00:00:00Z,PRPO,temperature,0.75,21.300208333333337
2023-06-28T00:00:00Z,PRPO,temperature,1,21.191666666666663
2023-07-06T00:00:00Z,PRPO,temperature,0,21.613541666666663
2023-07-06T00:00:00Z,PRPO,temperature,0.25,21.609583333333333
2023-07-06T00:00:00Z,PRPO,temperature,0.5,21.602708333333332
2023-07-06T00:00:00Z,PRPO,temperature,0.75,21.598125
2023-07-06T00:00:00Z,PRPO,temperature,1,21.592708333333334
2023-07-30T00:00:00Z,PRPO,temperature,0,23.986666666666668
2023-07-30T00:00:00Z,PRPO,temperature,0.25,23.96875
2023-07-30T00:00:00Z,PRPO,temperature,0.5,23.930208333333333
2023-07-30T00:00:00Z,PRPO,temperature,0.75,23.82125
2023-07-30T00:00:00Z,PRPO,temperature,1,23.750625
2023-08-14T00:00:00Z,PRPO,temperature,0,20.22
2023-08-14T00:00:00Z,PRPO,temperature,0.25,20.13104166666667
2023-08-14T00:00:00Z,PRPO,temperature,0.5,20.03625
2023-08-14T00:00:00Z,PRPO,temperature,0.75,19.914166666666667
2023-08-14T00:00:00Z,PRPO,temperature,1,19.843333333333337
2023-08-15T00:00:00Z,PRPO,temperature,0,21.160416666666663
2023-08-15T00:00:00Z,PRPO,temperature,0.25,21.128125
2023-08-15T00:00:00Z,PRPO,temperature,0.5,21.052083333333332
2023-08-15T00:00:00Z,PRPO,temperature,0.75,20.890833333333333
2023-08-15T00:00:00Z,PRPO,temperature,1,20.677291666666665
2023-08-30T00:00:00Z,PRPO,temperature,0,21.998958333333334
2023-08-30T00:00:00Z,PRPO,temperature,0.25,21.993333333333332
2023-08-30T00:00:00Z,PRPO,temperature,0.5,21.984375
2023-08-30T00:00:00Z,PRPO,temperature,0.75,21.960625
2023-08-30T00:00:00Z,PRPO,temperature,1,21.887916666666666
2023-08-31T00:00:00Z,PRPO,temperature,0,21.52125
2023-08-31T00:00:00Z,PRPO,temperature,0.25,21.517708333333335
2023-08-31T00:00:00Z,PRPO,temperature,0.5,21.513333333333332
2023-08-31T00:00:00Z,PRPO,temperature,0.75,21.508541666666662
2023-08-31T00:00:00Z,PRPO,temperature,1,21.502708333333334
2023-09-08T00:00:00Z,PRPO,temperature,0,19.387916666666666
2023-09-08T00:00:00Z,PRPO,temperature,0.25,19.386666666666667
2023-09-08T00:00:00Z,PRPO,temperature,0.5,19.383541666666662
2023-09-08T00:00:00Z,PRPO,temperature,0.75,19.379583333333333
2023-09-08T00:00:00Z,PRPO,temperature,1,19.374166666666667
2023-09-15T00:00:00Z,PRPO,temperature,0,17.543333333333333
2023-09-15T00:00:00Z,PRPO,temperature,0.25,17.541666666666668
2023-09-15T00:00:00Z,PRPO,temperature,0.5,17.535833333333333
2023-09-15T00:00:00Z,PRPO,temperature,0.75,17.530208333333334
2023-09-15T00:00:00Z,PRPO,temperature,1,17.526458333333334
2023-10-01T00:00:00Z,PRPO,temperature,0,17.771458333333335
2023-10-01T00:00:00Z,PRPO,temperature,0.25,17.76625
2023-10-01T00:00:00Z,PRPO,temperature,0.5,17.761041666666667
2023-10-01T00:00:00Z,PRPO,temperature,0.75,17.75625
2023-10-01T00:00:00Z,PRPO,temperature,1,17.751666666666665
2023-10-09T00:00:00Z,PRPO,temperature,0,10.441458333333332
2023-10-09T00:00:00Z,PRPO,temperature,0.25,10.41
2023-10-09T00:00:00Z,PRPO,temperature,0.5,10.38125
2023-10-09T00:00:00Z,PRPO,temperature,0.75,10.350833333333332
2023-10-09T00:00:00Z,PRPO,temperature,1,10.313958333333334
2023-10-10T00:00:00Z,PRPO,temperature,0,10.629791666666666
2023-10-10T00:00:00Z,PRPO,temperature,0.25,10.61125
2023-10-10T00:00:00Z,PRPO,temperature,0.5,10.574791666666666
2023-10-10T00:00:00Z,PRPO,temperature,0.75,10.52375
2023-10-10T00:00:00Z,PRPO,temperature,1,10.477083333333333
2023-11-18T00:00:00Z,PRPO,temperature,NA,NA
2024-04-10T00:00:00Z,PRPO,temperature,NA,NA
2024-05-05T00:00:00Z,PRPO,temperature,0,9.780416666666667
2024-05-05T00:00:00Z,PRPO,temperature,0.25,9.783125
2024-05-05T00:00:00Z,PRPO,temperature,0.5,9.780625
2024-05-05T00:00:00Z,PRPO,temperature,0.75,9.777708333333331
2024-05-05T00:00:00Z,PRPO,temperature,1,9.774791666666667
2024-05-12T00:00:00Z,PRPO,temperature,0,15.7125
2024-05-12T00:00:00Z,PRPO,temperature,0.25,15.718958333333331
2024-05-12T00:00:00Z,PRPO,temperature,0.5,15.718958333333331
2024-05-12T00:00:00Z,PRPO,temperature,0.75,15.719166666666666
2024-05-12T00:00:00Z,PRPO,temperature,1,15.718333333333334
2024-05-13T00:00:00Z,PRPO,temperature,0,15.930833333333334
2024-05-13T00:00:00Z,PRPO,temperature,0.25,15.935833333333331
2024-05-13T00:00:00Z,PRPO,temperature,0.5,15.929375
2024-05-13T00:00:00Z,PRPO,temperature,0.75,15.912083333333332
2024-05-13T00:00:00Z,PRPO,temperature,1,15.895833333333334
2024-05-29T00:00:00Z,PRPO,temperature,0,15.39
2024-05-29T00:00:00Z,PRPO,temperature,0.25,15.406458333333331
2024-05-29T00:00:00Z,PRPO,temperature,0.5,15.397708333333334
2024-05-29T00:00:00Z,PRPO,temperature,0.75,15.395833333333334
2024-05-29T00:00:00Z,PRPO,temperature,1,15.394375
2024-06-06T00:00:00Z,PRPO,temperature,0,16.166458333333335
2024-06-06T00:00:00Z,PRPO,temperature,0.25,16.170416666666668
2024-06-06T00:00:00Z,PRPO,temperature,0.5,16.171875
2024-06-06T00:00:00Z,PRPO,temperature,0.75,16.172708333333333
2024-06-06T00:00:00Z,PRPO,temperature,1,16.173541666666665
2024-06-14T00:00:00Z,PRPO,temperature,0,20.434166666666663
2024-06-14T00:00:00Z,PRPO,temperature,0.25,20.429791666666667
2024-06-14T00:00:00Z,PRPO,temperature,0.5,20.40625
2024-06-14T00:00:00Z,PRPO,temperature,0.75,20.378125
2024-06-14T00:00:00Z,PRPO,temperature,1,20.35625
2024-06-30T00:00:00Z,PRPO,temperature,0,19.381666666666668
2024-06-30T00:00:00Z,PRPO,temperature,0.25,19.390416666666667
2024-06-30T00:00:00Z,PRPO,temperature,0.5,19.389375
2024-06-30T00:00:00Z,PRPO,temperature,0.75,19.386875
2024-06-30T00:00:00Z,PRPO,temperature,1,19.383125
2024-07-08T00:00:00Z,PRPO,temperature,0,21.881458333333335
2024-07-08T00:00:00Z,PRPO,temperature,0.25,21.73625
2024-07-08T00:00:00Z,PRPO,temperature,0.5,21.577083333333334
2024-07-08T00:00:00Z,PRPO,temperature,0.75,21.37
2024-07-08T00:00:00Z,PRPO,temperature,1,21.241875
2024-08-01T00:00:00Z,PRPO,temperature,0,25.763125
2024-08-01T00:00:00Z,PRPO,temperature,0.25,25.763125
2024-08-01T00:00:00Z,PRPO,temperature,0.5,25.74625
2024-08-01T00:00:00Z,PRPO,temperature,0.75,25.718125
2024-08-01T00:00:00Z,PRPO,temperature,1,25.686458333333334
2024-08-24T00:00:00Z,PRPO,temperature,0,23.18625
2024-08-24T00:00:00Z,PRPO,temperature,0.25,23.189791666666668
2024-08-24T00:00:00Z,PRPO,temperature,0.5,23.187916666666663
2024-08-24T00:00:00Z,PRPO,temperature,0.75,23.183541666666667
2024-08-24T00:00:00Z,PRPO,temperature,1,23.176458333333333
2024-08-25T00:00:00Z,PRPO,temperature,0,23.708125
2024-08-25T00:00:00Z,PRPO,temperature,0.25,23.703125
2024-08-25T00:00:00Z,PRPO,temperature,0.5,23.691875
2024-08-25T00:00:00Z,PRPO,temperature,0.75,23.680208333333333
2024-08-25T00:00:00Z,PRPO,temperature,1,23.666666666666668
2024-09-01T00:00:00Z,PRPO,temperature,0,20.165416666666665
2024-09-01T00:00:00Z,PRPO,temperature,0.25,20.138333333333332
2024-09-01T00:00:00Z,PRPO,temperature,0.5,20.056666666666665
2024-09-01T00:00:00Z,PRPO,temperature,0.75,19.902916666666663
2024-09-01T00:00:00Z,PRPO,temperature,1,19.82625
2024-09-02T00:00:00Z,PRPO,temperature,0,20.298958333333335
2024-09-02T00:00:00Z,PRPO,temperature,0.25,20.305416666666662
2024-09-02T00:00:00Z,PRPO,temperature,0.5,20.301875
2024-09-02T00:00:00Z,PRPO,temperature,0.75,20.2875
2024-09-02T00:00:00Z,PRPO,temperature,1,20.158958333333334
2024-09-09T00:00:00Z,PRPO,temperature,0,19.92510638297872
2024-09-09T00:00:00Z,PRPO,temperature,0.25,19.89489361702128
2024-09-09T00:00:00Z,PRPO,temperature,0.5,19.847021276595743
2024-09-09T00:00:00Z,PRPO,temperature,0.75,19.67808510638298
2024-09-09T00:00:00Z,PRPO,temperature,1,19.581702127659575
2024-09-17T00:00:00Z,PRPO,temperature,0,20.917291666666667
2024-09-17T00:00:00Z,PRPO,temperature,0.25,20.910208333333333
2024-09-17T00:00:00Z,PRPO,temperature,0.5,20.885833333333338
2024-09-17T00:00:00Z,PRPO,temperature,0.75,20.857083333333332
2024-09-17T00:00:00Z,PRPO,temperature,1,20.82125
2024-09-25T00:00:00Z,PRPO,temperature,0,16.688541666666666
2024-09-25T00:00:00Z,PRPO,temperature,0.25,16.695
2024-09-25T00:00:00Z,PRPO,temperature,0.5,16.6875
2024-09-25T00:00:00Z,PRPO,temperature,0.75,16.67791666666667
2024-09-25T00:00:00Z,PRPO,temperature,1,16.672083333333333
2024-09-26T00:00:00Z,PRPO,temperature,0,17.081875
2024-09-26T00:00:00Z,PRPO,temperature,0.25,17.086041666666667
2024-09-26T00:00:00Z,PRPO,temperature,0.5,17.082916666666666
2024-09-26T00:00:00Z,PRPO,temperature,0.75,17.080833333333334
2024-09-26T00:00:00Z,PRPO,temperature,1,17.078958333333333
2024-10-03T00:00:00Z,PRPO,temperature,0,13.36875
2024-10-03T00:00:00Z,PRPO,temperature,0.25,13.379166666666666
2024-10-03T00:00:00Z,PRPO,temperature,0.5,13.381041666666668
2024-10-03T00:00:00Z,PRPO,temperature,0.75,13.380625
2024-10-03T00:00:00Z,PRPO,temperature,1,13.381041666666668
2024-10-04T00:00:00Z,PRPO,temperature,0,12.787708333333333
2024-10-04T00:00:00Z,PRPO,temperature,0.25,12.8
2024-10-04T00:00:00Z,PRPO,temperature,0.5,12.80125
2024-10-04T00:00:00Z,PRPO,temperature,0.75,12.800833333333332
2024-10-04T00:00:00Z,PRPO,temperature,1,12.799791666666668
2024-10-11T00:00:00Z,PRPO,temperature,0,12.941666666666666
2024-10-11T00:00:00Z,PRPO,temperature,0.25,12.943333333333332
2024-10-11T00:00:00Z,PRPO,temperature,0.5,12.939583333333331
2024-10-11T00:00:00Z,PRPO,temperature,0.75,12.933541666666668
2024-10-11T00:00:00Z,PRPO,temperature,1,12.928958333333334
2024-10-12T00:00:00Z,PRPO,temperature,0,12.890625
2024-10-12T00:00:00Z,PRPO,temperature,0.25,12.898333333333332
2024-10-12T00:00:00Z,PRPO,temperature,0.5,12.895625
2024-10-12T00:00:00Z,PRPO,temperature,0.75,12.8925
2024-10-12T00:00:00Z,PRPO,temperature,1,12.88875
2024-10-27T00:00:00Z,PRPO,temperature,0,8.218043478260869
2024-10-27T00:00:00Z,PRPO,temperature,0.25,8.213478260869564
2024-10-27T00:00:00Z,PRPO,temperature,0.5,8.200217391304347
2024-10-27T00:00:00Z,PRPO,temperature,0.75,8.189130434782609
2024-10-27T00:00:00Z,PRPO,temperature,1,8.175869565217392
2024-10-28T00:00:00Z,PRPO,temperature,0,8.4725
2024-10-28T00:00:00Z,PRPO,temperature,0.25,8.476458333333333
2024-10-28T00:00:00Z,PRPO,temperature,0.5,8.474583333333333
2024-10-28T00:00:00Z,PRPO,temperature,0.75,8.474583333333333
2024-10-28T00:00:00Z,PRPO,temperature,1,8.471041666666666
2025-04-29T00:00:00Z,PRPO,temperature,0,8.902083333333334
2025-04-29T00:00:00Z,PRPO,temperature,0.25,8.900625
2025-04-29T00:00:00Z,PRPO,temperature,0.5,8.897083333333333
2025-04-29T00:00:00Z,PRPO,temperature,0.75,8.891666666666667
2025-04-29T00:00:00Z,PRPO,temperature,1,8.88375
2025-05-07T00:00:00Z,PRPO,temperature,0,14.521875
2025-05-07T00:00:00Z,PRPO,temperature,0.25,14.51375
2025-05-07T00:00:00Z,PRPO,temperature,0.5,14.502291666666666
2025-05-07T00:00:00Z,PRPO,temperature,0.75,14.486875
2025-05-07T00:00:00Z,PRPO,temperature,1,14.462916666666668
2025-05-08T00:00:00Z,PRPO,temperature,0,15.481875
2025-05-08T00:00:00Z,PRPO,temperature,0.25,15.47625
2025-05-08T00:00:00Z,PRPO,temperature,0.5,15.462083333333334
2025-05-08T00:00:00Z,PRPO,temperature,0.75,15.424791666666668
2025-05-08T00:00:00Z,PRPO,temperature,1,15.366041666666668
2025-05-24T00:00:00Z,PRPO,temperature,0,12.761458333333334
2025-05-24T00:00:00Z,PRPO,temperature,0.25,12.683958333333331
2025-05-24T00:00:00Z,PRPO,temperature,0.5,12.595625
2025-05-24T00:00:00Z,PRPO,temperature,0.75,12.51625
2025-05-24T00:00:00Z,PRPO,temperature,1,12.383333333333333
2025-06-24T00:00:00Z,PRPO,temperature,0,20.13104166666667
2025-06-24T00:00:00Z,PRPO,temperature,0.25,20.119166666666665
2025-06-24T00:00:00Z,PRPO,temperature,0.5,20.105833333333333
2025-06-24T00:00:00Z,PRPO,temperature,0.75,20.086458333333333
2025-06-24T00:00:00Z,PRPO,temperature,1,20.072916666666668
2025-07-02T00:00:00Z,PRPO,temperature,0,24.52541666666667
2025-07-02T00:00:00Z,PRPO,temperature,0.25,23.844583333333333
2025-07-02T00:00:00Z,PRPO,temperature,0.5,23.460416666666667
2025-07-02T00:00:00Z,PRPO,temperature,0.75,22.875833333333333
2025-07-02T00:00:00Z,PRPO,temperature,1,22.518333333333334
2025-07-19T00:00:00Z,PRPO,temperature,0,20.902083333333337
2025-07-19T00:00:00Z,PRPO,temperature,0.25,20.892083333333332
2025-07-19T00:00:00Z,PRPO,temperature,0.5,20.878333333333337
2025-07-19T00:00:00Z,PRPO,temperature,0.75,20.855625
2025-07-19T00:00:00Z,PRPO,temperature,1,20.823125
2025-07-26T00:00:00Z,PRPO,temperature,0,25.065208333333334
2025-07-26T00:00:00Z,PRPO,temperature,0.25,25.022708333333338
2025-07-26T00:00:00Z,PRPO,temperature,0.5,24.918125
2025-07-26T00:00:00Z,PRPO,temperature,0.75,24.61916666666667
2025-07-26T00:00:00Z,PRPO,temperature,1,24.349166666666665
2025-07-27T00:00:00Z,PRPO,temperature,0,25.864791666666665
2025-07-27T00:00:00Z,PRPO,temperature,0.25,25.753125
2025-07-27T00:00:00Z,PRPO,temperature,0.5,25.263541666666665
2025-07-27T00:00:00Z,PRPO,temperature,0.75,24.912916666666668
2025-07-27T00:00:00Z,PRPO,temperature,1,24.777916666666663
2025-08-12T00:00:00Z,PRPO,temperature,0,20.986041666666665
2025-08-12T00:00:00Z,PRPO,temperature,0.25,20.983541666666667
2025-08-12T00:00:00Z,PRPO,temperature,0.5,20.980208333333337
2025-08-12T00:00:00Z,PRPO,temperature,0.75,20.975625
2025-08-12T00:00:00Z,PRPO,temperature,1,20.970625
2025-08-19T00:00:00Z,PRPO,temperature,0,24.350208333333335
2025-08-19T00:00:00Z,PRPO,temperature,0.25,24.195208333333333
2025-08-19T00:00:00Z,PRPO,temperature,0.5,23.686666666666667
2025-08-19T00:00:00Z,PRPO,temperature,0.75,23.202083333333334
2025-08-19T00:00:00Z,PRPO,temperature,1,22.88458333333333
2025-08-20T00:00:00Z,PRPO,temperature,0,25.164375
2025-08-20T00:00:00Z,PRPO,temperature,0.25,25.094166666666663
2025-08-20T00:00:00Z,PRPO,temperature,0.5,24.752291666666668
2025-08-20T00:00:00Z,PRPO,temperature,0.75,24.304375
2025-08-20T00:00:00Z,PRPO,temperature,1,23.913125
2025-08-27T00:00:00Z,PRPO,temperature,0,20.428958333333338
2025-08-27T00:00:00Z,PRPO,temperature,0.25,20.1025
2025-08-27T00:00:00Z,PRPO,temperature,0.5,19.98875
2025-08-27T00:00:00Z,PRPO,temperature,0.75,19.855416666666667
2025-08-27T00:00:00Z,PRPO,temperature,1,19.741875
2025-09-28T00:00:00Z,PRPO,temperature,0,17.165625
2025-09-28T00:00:00Z,PRPO,temperature,0.25,17.147083333333335
2025-09-28T00:00:00Z,PRPO,temperature,0.5,17.1375
2025-09-28T00:00:00Z,PRPO,temperature,0.75,17.129375
2025-09-28T00:00:00Z,PRPO,temperature,1,17.121875
2025-09-29T00:00:00Z,PRPO,temperature,0,17.937916666666666
2025-09-29T00:00:00Z,PRPO,temperature,0.25,17.9075
2025-09-29T00:00:00Z,PRPO,temperature,0.5,17.873958333333334
2025-09-29T00:00:00Z,PRPO,temperature,0.75,17.843125
2025-09-29T00:00:00Z,PRPO,temperature,1,17.814791666666668
2025-10-06T00:00:00Z,PRPO,temperature,0,14.994791666666666
2025-10-06T00:00:00Z,PRPO,temperature,0.25,14.994583333333331
2025-10-06T00:00:00Z,PRPO,temperature,0.5,14.993958333333332
2025-10-06T00:00:00Z,PRPO,temperature,0.75,14.990833333333333
2025-10-06T00:00:00Z,PRPO,temperature,1,14.988333333333332
2025-10-07T00:00:00Z,PRPO,temperature,0,13.697083333333332
2025-10-07T00:00:00Z,PRPO,temperature,0.25,13.652916666666666
2025-10-07T00:00:00Z,PRPO,temperature,0.5,13.622291666666667
2025-10-07T00:00:00Z,PRPO,temperature,0.75,13.593958333333331
2025-10-07T00:00:00Z,PRPO,temperature,1,13.575
2025-10-30T00:00:00Z,PRPO,temperature,NA,NA
