datetime,site_id,depth,observation,variable
2013-09-30T00:00:00Z,sunp,0,17.57078307535278,temperature
2014-04-10T00:00:00Z,sunp,0,0,temperature
2014-05-12T00:00:00Z,sunp,0,10.431178362187438,temperature
2014-06-29T00:00:00Z,sunp,0,19.67790231426244,temperature
2014-09-01T00:00:00Z,sunp,0,22.2439209,temperature
2014-09-17T00:00:00Z,sunp,0,18.29662690499627,temperature
2014-10-03T00:00:00Z,sunp,0,16.715876639926407,temperature
2014-11-20T00:00:00Z,sunp,0,5.534978846291338,temperature
2015-07-02T00:00:00Z,sunp,0,20.718343609697428,temperature
2015-08-03T00:00:00Z,sunp,0,25.318793890309703,temperature
2015-08-19T00:00:00Z,sunp,0,24.66424297140253,temperature
2015-11-23T00:00:00Z,sunp,0,6.764827502617663,temperature
2016-02-27T00:00:00Z,sunp,0,0,temperature
2016-03-30T00:00:00Z,sunp,0,0,temperature
2016-04-15T00:00:00Z,sunp,0,6.390688269980956,temperature
2016-06-18T00:00:00Z,sunp,0,20.20218443316915,temperature
2016-07-04T00:00:00Z,sunp,0,21.994417832841236,temperature
2016-07-20T00:00:00Z,sunp,0,23.452132711812567,temperature
2016-08-05T00:00:00Z,sunp,0,14.145372019586546,temperature
2016-09-22T00:00:00Z,sunp,0,22.126823313844895,temperature
2016-10-24T00:00:00Z,sunp,0,12.563513397304291,temperature
2017-04-18T00:00:00Z,sunp,0,5.468221675441669,temperature
2017-05-04T00:00:00Z,sunp,0,6.371629672958477,temperature
2017-05-20T00:00:00Z,sunp,0,12.723911107770192,temperature
2017-06-21T00:00:00Z,sunp,0,21.228774556455107,temperature
2017-08-24T00:00:00Z,sunp,0,21.65760098015653,temperature
2017-09-25T00:00:00Z,sunp,0,24.417791376513208,temperature
2017-10-27T00:00:00Z,sunp,0,14.014157833551437,temperature
2017-11-12T00:00:00Z,sunp,0,8.564327528665956,temperature
2017-11-28T00:00:00Z,sunp,0,1.986466609415146,temperature
2018-01-15T00:00:00Z,sunp,0,0,temperature
2018-01-31T00:00:00Z,sunp,0,0,temperature
2018-04-05T00:00:00Z,sunp,0,0,temperature
2018-05-23T00:00:00Z,sunp,0,15.149565430061005,temperature
2018-06-08T00:00:00Z,sunp,0,18.869806121740037,temperature
2018-07-10T00:00:00Z,sunp,0,24.828510131894777,temperature
2018-08-27T00:00:00Z,sunp,0,22.879234583321875,temperature
2018-10-14T00:00:00Z,sunp,0,14.25131855,temperature
2019-05-26T00:00:00Z,sunp,0,14.468599605714417,temperature
2019-06-27T00:00:00Z,sunp,0,21.883301840101712,temperature
2019-07-13T00:00:00Z,sunp,0,24.42524165789335,temperature
2019-07-29T00:00:00Z,sunp,0,25.409677116052123,temperature
2019-08-14T00:00:00Z,sunp,0,21.72886767723306,temperature
2019-08-30T00:00:00Z,sunp,0,22.071854034772684,temperature
2019-09-15T00:00:00Z,sunp,0,18.263608399873664,temperature
2019-11-02T00:00:00Z,sunp,0,10.416611412334106,temperature
2020-06-13T00:00:00Z,sunp,0,18.251334677611226,temperature
2020-07-31T00:00:00Z,sunp,0,25.46723723247983,temperature
2021-05-15T00:00:00Z,sunp,0,12.292679858140474,temperature
2021-08-03T00:00:00Z,sunp,0,18.420032186898293,temperature
2021-09-04T00:00:00Z,sunp,0,21.323061984540136,temperature
2021-09-20T00:00:00Z,sunp,0,19.96903726174341,temperature
2021-11-04T00:00:00Z,sunp,0,10.322810150075084,temperature
2021-11-07T00:00:00Z,sunp,0,10.199038147450722,temperature
2021-11-16T00:00:00Z,sunp,0,7.998441539744704,temperature
2021-11-23T00:00:00Z,sunp,0,5.920922061419503,temperature
2021-12-17T00:00:00Z,sunp,0,3.3358080358868705,temperature
2022-03-23T00:00:00Z,sunp,0,0,temperature
2022-05-10T00:00:00Z,sunp,0,9.944280296085964,temperature
2022-05-18T00:00:00Z,sunp,0,14.411294049910154,temperature
2022-06-19T00:00:00Z,sunp,0,17.29961045511331,temperature
2022-07-13T00:00:00Z,sunp,0,24.26412650054823,temperature
2022-07-29T00:00:00Z,sunp,0,24.470709710626675,temperature
2022-08-14T00:00:00Z,sunp,0,23.06499073553979,temperature
2022-08-30T00:00:00Z,sunp,0,25.60179053158197,temperature
2022-09-15T00:00:00Z,sunp,0,20.324289225469784,temperature
2022-11-10T00:00:00Z,sunp,0,11.453335257314407,temperature
2022-11-26T00:00:00Z,sunp,0,6.367117670929005,temperature
2022-12-12T00:00:00Z,sunp,0,2.9854561408568117,temperature
2023-04-03T00:00:00Z,sunp,0,0,temperature
2023-05-13T00:00:00Z,sunp,0,12.904695444155324,temperature
2023-05-21T00:00:00Z,sunp,0,13.229681669022623,temperature
2023-05-29T00:00:00Z,sunp,0,16.387580253913598,temperature
2023-07-08T00:00:00Z,sunp,0,28.237424190919153,temperature
2023-08-01T00:00:00Z,sunp,0,24.086787541447563,temperature
2023-10-04T00:00:00Z,sunp,0,19.79370553487705,temperature
2023-10-28T00:00:00Z,sunp,0,14.189820165151405,temperature
2023-11-13T00:00:00Z,sunp,0,7.423896747387758,temperature
2023-12-15T00:00:00Z,sunp,0,1.7252459297019982,temperature
2023-04-03T00:00:00Z,sunp,0,0,temperature
2023-05-13T00:00:00Z,sunp,0,12.904695444155324,temperature
2023-05-21T00:00:00Z,sunp,0,13.229681669022623,temperature
2023-05-29T00:00:00Z,sunp,0,16.387580253913598,temperature
2023-07-08T00:00:00Z,sunp,0,28.237424190919153,temperature
2023-08-01T00:00:00Z,sunp,0,24.086787541447563,temperature
2023-10-04T00:00:00Z,sunp,0,19.79370553487705,temperature
2023-10-28T00:00:00Z,sunp,0,14.189820165151405,temperature
2023-11-13T00:00:00Z,sunp,0,7.423896747387758,temperature
2023-12-15T00:00:00Z,sunp,0,1.7252459297019982,temperature
2024-01-08T00:00:00Z,sunp,0,0,temperature
2024-05-07T00:00:00Z,sunp,0,12.32690589658398,temperature
2024-06-16T00:00:00Z,sunp,0,17.93379222070847,temperature
2024-07-02T00:00:00Z,sunp,0,21.645825545767735,temperature
2024-07-18T00:00:00Z,sunp,0,26.738506868437184,temperature
2024-08-11T00:00:00Z,sunp,0,23.970833564591715,temperature
2024-08-27T00:00:00Z,sunp,0,22.996560868653347,temperature
2024-09-04T00:00:00Z,sunp,0,21.050562970351574,temperature
2024-09-12T00:00:00Z,sunp,0,20.121202855952575,temperature
2024-10-06T00:00:00Z,sunp,0,16.987755836393262,temperature
2024-10-22T00:00:00Z,sunp,0,13.461710704071038,temperature
2024-11-15T00:00:00Z,sunp,0,8.102128212617004,temperature
2024-12-25T00:00:00Z,sunp,0,0,temperature
2025-01-10T00:00:00Z,sunp,0,0,temperature
2025-03-23T00:00:00Z,sunp,0,0,temperature
2025-04-24T00:00:00Z,sunp,0,9.607427092380078,temperature
2025-05-26T00:00:00Z,sunp,0,12.84524584783432,temperature
2025-06-03T00:00:00Z,sunp,0,16.718621228379746,temperature
2025-06-11T00:00:00Z,sunp,0,17.735271170007195,temperature
2025-06-19T00:00:00Z,sunp,0,19.806178918203894,temperature
2025-06-27T00:00:00Z,sunp,0,23.65655494432896,temperature
2025-07-21T00:00:00Z,sunp,0,24.395103781955868,temperature
2025-08-14T00:00:00Z,sunp,0,25.483944113995697,temperature
2025-08-22T00:00:00Z,sunp,0,23.07537593601326,temperature
2025-08-30T00:00:00Z,sunp,0,20.458469431198097,temperature