datetime,depth,observation,site_id,variable
2020-06-18T00:00:00Z,3,19.867768333333338,bvre,temperature
2020-06-19T00:00:00Z,3,19.99252048611111,bvre,temperature
2020-06-20T00:00:00Z,3,20.874802430555555,bvre,temperature
2020-06-21T00:00:00Z,3,21.10742326388889,bvre,temperature
2020-06-22T00:00:00Z,3,21.76640048611111,bvre,temperature
2020-06-23T00:00:00Z,3,22.505309583333332,bvre,temperature
2020-06-24T00:00:00Z,3,23.629315069444445,bvre,temperature
2020-06-25T00:00:00Z,3,NA,bvre,temperature
2020-06-26T00:00:00Z,3,24.082884375,bvre,temperature
2020-06-27T00:00:00Z,3,25.24580451388889,bvre,temperature
2020-06-28T00:00:00Z,3,24.865625,bvre,temperature
2020-06-29T00:00:00Z,3,24.330281875,bvre,temperature
2020-06-30T00:00:00Z,3,25.07001923611111,bvre,temperature
2020-07-01T00:00:00Z,3,25.251081875,bvre,temperature
2020-07-02T00:00:00Z,3,NA,bvre,temperature
2020-07-03T00:00:00Z,3,26.526845277777777,bvre,temperature
2020-07-04T00:00:00Z,3,26.969384027777775,bvre,temperature
2020-07-05T00:00:00Z,3,27.453475,bvre,temperature
2020-07-06T00:00:00Z,3,27.943699166666665,bvre,temperature
2020-07-07T00:00:00Z,3,28.03941194444445,bvre,temperature
2020-07-08T00:00:00Z,3,28.084545972222223,bvre,temperature
2020-07-09T00:00:00Z,3,28.25865347222222,bvre,temperature
2020-07-10T00:00:00Z,3,28.364879583333337,bvre,temperature
2020-07-11T00:00:00Z,3,27.999421805555556,bvre,temperature
2020-07-12T00:00:00Z,3,27.65768472222222,bvre,temperature
2020-07-13T00:00:00Z,3,27.442054652777777,bvre,temperature
2020-07-14T00:00:00Z,3,27.687023055555557,bvre,temperature
2020-07-15T00:00:00Z,3,27.55285923611111,bvre,temperature
2020-07-16T00:00:00Z,3,27.3889275,bvre,temperature
2020-07-17T00:00:00Z,3,27.716387222222224,bvre,temperature
2020-07-18T00:00:00Z,3,28.144677708333333,bvre,temperature
2020-07-19T00:00:00Z,3,29.105978333333333,bvre,temperature
2020-07-20T00:00:00Z,3,28.914599166666665,bvre,temperature
2020-07-21T00:00:00Z,3,28.661084097222226,bvre,temperature
2020-07-22T00:00:00Z,3,28.381194166666667,bvre,temperature
2020-07-23T00:00:00Z,3,NA,bvre,temperature
2020-07-24T00:00:00Z,3,27.961811041666667,bvre,temperature
2020-07-25T00:00:00Z,3,28.079996319444444,bvre,temperature
2020-07-26T00:00:00Z,3,28.250001458333333,bvre,temperature
2020-07-27T00:00:00Z,3,28.630647291666666,bvre,temperature
2020-07-28T00:00:00Z,3,28.590023958333333,bvre,temperature
2020-07-29T00:00:00Z,3,28.534496736111112,bvre,temperature
2020-07-30T00:00:00Z,3,28.548025694444444,bvre,temperature
2020-07-31T00:00:00Z,3,28.307590069444444,bvre,temperature
2020-08-01T00:00:00Z,3,27.843555833333333,bvre,temperature
2020-08-02T00:00:00Z,3,27.903573263888887,bvre,temperature
2020-08-03T00:00:00Z,3,27.28072256944445,bvre,temperature
2020-08-04T00:00:00Z,3,27.21366631944445,bvre,temperature
2020-08-05T00:00:00Z,3,27.037064583333333,bvre,temperature
2020-08-06T00:00:00Z,3,NA,bvre,temperature
2020-08-07T00:00:00Z,3,26.54610125,bvre,temperature
2020-08-08T00:00:00Z,3,26.938296527777776,bvre,temperature
2020-08-09T00:00:00Z,3,27.840514166666665,bvre,temperature
2020-08-10T00:00:00Z,3,27.882266527777777,bvre,temperature
2020-08-11T00:00:00Z,3,27.936226041666668,bvre,temperature
2020-08-12T00:00:00Z,3,NA,bvre,temperature
2020-08-13T00:00:00Z,3,NA,bvre,temperature
2020-08-14T00:00:00Z,3,27.078124444444445,bvre,temperature
2020-08-15T00:00:00Z,3,26.05204277777778,bvre,temperature
2020-08-16T00:00:00Z,3,25.040752847222222,bvre,temperature
2020-08-17T00:00:00Z,3,NA,bvre,temperature
2020-08-18T00:00:00Z,3,25.68857,bvre,temperature
2020-08-19T00:00:00Z,3,25.71274319444445,bvre,temperature
2020-08-20T00:00:00Z,3,NA,bvre,temperature
2020-08-21T00:00:00Z,3,25.14261763888889,bvre,temperature
2020-08-22T00:00:00Z,3,25.140902291666663,bvre,temperature
2020-08-23T00:00:00Z,3,25.605985277777776,bvre,temperature
2020-08-24T00:00:00Z,3,26.113226041666667,bvre,temperature
2020-08-25T00:00:00Z,3,26.255633472222225,bvre,temperature
2020-08-26T00:00:00Z,3,NA,bvre,temperature
2020-08-27T00:00:00Z,3,26.959660208333332,bvre,temperature
2020-08-28T00:00:00Z,3,27.047436319444444,bvre,temperature
2020-08-29T00:00:00Z,3,26.486438541666665,bvre,temperature
2020-08-30T00:00:00Z,3,26.49892,bvre,temperature
2020-08-31T00:00:00Z,3,25.454550277777777,bvre,temperature
2020-09-01T00:00:00Z,3,24.616298819444445,bvre,temperature
2020-09-02T00:00:00Z,3,25.906717152777777,bvre,temperature
2020-09-03T00:00:00Z,3,26.705233888888888,bvre,temperature
2020-09-04T00:00:00Z,3,26.55368673611111,bvre,temperature
2020-09-05T00:00:00Z,3,25.99809430555555,bvre,temperature
2020-09-06T00:00:00Z,3,25.217937708333334,bvre,temperature
2020-09-07T00:00:00Z,3,24.909043333333333,bvre,temperature
2020-09-08T00:00:00Z,3,24.90255861111111,bvre,temperature
2020-09-09T00:00:00Z,3,NA,bvre,temperature
2020-09-10T00:00:00Z,3,25.477568055555555,bvre,temperature
2020-09-11T00:00:00Z,3,25.59201263888889,bvre,temperature
2020-09-12T00:00:00Z,3,24.204518333333333,bvre,temperature
2020-09-13T00:00:00Z,3,24.36738625,bvre,temperature
2020-09-14T00:00:00Z,3,24.616723888888888,bvre,temperature
2020-09-15T00:00:00Z,3,23.835993958333333,bvre,temperature
2020-09-16T00:00:00Z,3,NA,bvre,temperature
2020-09-17T00:00:00Z,3,21.951147638888887,bvre,temperature
2020-09-18T00:00:00Z,3,22.021002083333332,bvre,temperature
2020-09-19T00:00:00Z,3,21.519242777777777,bvre,temperature
2020-09-20T00:00:00Z,3,20.378322708333332,bvre,temperature
2020-09-21T00:00:00Z,3,19.85501423611111,bvre,temperature
2020-09-22T00:00:00Z,3,19.943218472222224,bvre,temperature
2020-09-23T00:00:00Z,3,20.192665069444445,bvre,temperature
2020-09-24T00:00:00Z,3,19.644894930555555,bvre,temperature
2020-09-25T00:00:00Z,3,18.839631666666666,bvre,temperature
2020-09-26T00:00:00Z,3,19.337140833333333,bvre,temperature
2020-09-27T00:00:00Z,3,19.379810902777777,bvre,temperature
2020-09-28T00:00:00Z,3,19.533173472222224,bvre,temperature
2020-09-29T00:00:00Z,3,19.351375069444444,bvre,temperature
2020-09-30T00:00:00Z,3,18.78963701388889,bvre,temperature
2020-10-01T00:00:00Z,3,NA,bvre,temperature
2020-10-02T00:00:00Z,3,18.533171666666668,bvre,temperature
2020-10-03T00:00:00Z,3,17.835739791666665,bvre,temperature
2020-10-04T00:00:00Z,3,17.573904097222222,bvre,temperature
2020-10-05T00:00:00Z,3,NA,bvre,temperature
2020-10-06T00:00:00Z,3,18.1246075,bvre,temperature
2020-10-07T00:00:00Z,3,18.224489652777777,bvre,temperature
2020-10-08T00:00:00Z,3,18.06644826388889,bvre,temperature
2020-10-09T00:00:00Z,3,17.523343333333333,bvre,temperature
2020-10-10T00:00:00Z,3,17.397496597222222,bvre,temperature
2020-10-11T00:00:00Z,3,17.265994791666667,bvre,temperature
2020-10-12T00:00:00Z,3,17.506497777777778,bvre,temperature
2020-10-13T00:00:00Z,3,17.84944611111111,bvre,temperature
2020-10-14T00:00:00Z,3,NA,bvre,temperature
2020-10-15T00:00:00Z,3,16.908571319444444,bvre,temperature
2020-10-16T00:00:00Z,3,16.96240486111111,bvre,temperature
2020-10-17T00:00:00Z,3,16.306199930555557,bvre,temperature
2020-10-18T00:00:00Z,3,15.715995347222222,bvre,temperature
2020-10-19T00:00:00Z,3,15.604317291666666,bvre,temperature
2020-10-20T00:00:00Z,3,16.308499722222223,bvre,temperature
2020-10-21T00:00:00Z,3,17.428051875,bvre,temperature
2020-10-22T00:00:00Z,3,17.85405875,bvre,temperature
2020-10-23T00:00:00Z,3,18.415790138888887,bvre,temperature
2020-10-24T00:00:00Z,3,18.765218333333333,bvre,temperature
2020-10-25T00:00:00Z,3,17.18308326388889,bvre,temperature
2020-10-26T00:00:00Z,3,NA,bvre,temperature
2020-10-27T00:00:00Z,3,NA,bvre,temperature
2020-10-28T00:00:00Z,3,NA,bvre,temperature
2020-10-29T00:00:00Z,3,NA,bvre,temperature
2020-10-30T00:00:00Z,3,NA,bvre,temperature
2020-10-31T00:00:00Z,3,15.068307777777775,bvre,temperature
2020-11-01T00:00:00Z,3,14.570499375,bvre,temperature
2020-11-02T00:00:00Z,3,13.089203194444444,bvre,temperature
2020-11-03T00:00:00Z,3,12.2556675,bvre,temperature
2020-11-04T00:00:00Z,3,12.026872222222222,bvre,temperature
2020-11-05T00:00:00Z,3,12.04474201388889,bvre,temperature
2020-11-06T00:00:00Z,3,12.583231041666666,bvre,temperature
2020-11-07T00:00:00Z,3,12.800084444444444,bvre,temperature
2020-11-08T00:00:00Z,3,13.00547125,bvre,temperature
2020-11-09T00:00:00Z,3,13.210850833333334,bvre,temperature
2020-11-10T00:00:00Z,3,NA,bvre,temperature
2020-11-11T00:00:00Z,3,14.424795625,bvre,temperature
2020-11-12T00:00:00Z,3,15.706048819444444,bvre,temperature
2020-11-13T00:00:00Z,3,15.087513611111111,bvre,temperature
2020-11-14T00:00:00Z,3,13.841867916666668,bvre,temperature
2020-11-15T00:00:00Z,3,12.906632638888889,bvre,temperature
2020-11-16T00:00:00Z,3,12.070071597222222,bvre,temperature
2020-11-17T00:00:00Z,3,11.296945763888887,bvre,temperature
2020-11-18T00:00:00Z,3,10.384562430555556,bvre,temperature
2020-11-19T00:00:00Z,3,9.889650180555556,bvre,temperature
2020-11-20T00:00:00Z,3,9.829598923611112,bvre,temperature
2020-11-21T00:00:00Z,3,10.1665635,bvre,temperature
2020-11-22T00:00:00Z,3,9.9552835,bvre,temperature
2020-11-23T00:00:00Z,3,9.879593708333331,bvre,temperature
2020-11-24T00:00:00Z,3,9.504302534722225,bvre,temperature
2020-11-25T00:00:00Z,3,9.222357270833331,bvre,temperature
2020-11-26T00:00:00Z,3,9.629081138888887,bvre,temperature
2020-11-27T00:00:00Z,3,9.830819680555557,bvre,temperature
2020-11-28T00:00:00Z,3,9.830118847222222,bvre,temperature
2020-11-29T00:00:00Z,3,9.413125583333333,bvre,temperature
2020-11-30T00:00:00Z,3,9.296529159722224,bvre,temperature
2020-12-01T00:00:00Z,3,8.556520451388888,bvre,temperature
2020-12-02T00:00:00Z,3,7.763098944444445,bvre,temperature
2020-12-03T00:00:00Z,3,7.451604041666666,bvre,temperature
2020-12-04T00:00:00Z,3,7.282393020833333,bvre,temperature
2020-12-05T00:00:00Z,3,7.062722180555555,bvre,temperature
2020-12-06T00:00:00Z,3,6.900770111111111,bvre,temperature
2020-12-07T00:00:00Z,3,6.720807881944444,bvre,temperature
2020-12-08T00:00:00Z,3,5.886792847222222,bvre,temperature
2020-12-09T00:00:00Z,3,5.366063770833334,bvre,temperature
2020-12-10T00:00:00Z,3,5.441252340277778,bvre,temperature
2020-12-11T00:00:00Z,3,5.307139409722223,bvre,temperature
2020-12-12T00:00:00Z,3,5.447836909722223,bvre,temperature
2020-12-13T00:00:00Z,3,6.140588034722222,bvre,temperature
2020-12-14T00:00:00Z,3,6.193066784722222,bvre,temperature
2020-12-15T00:00:00Z,3,5.746241395833334,bvre,temperature
2020-12-16T00:00:00Z,3,5.310088423611111,bvre,temperature
2020-12-17T00:00:00Z,3,4.962549097222222,bvre,temperature
2020-12-18T00:00:00Z,3,4.7112340625,bvre,temperature
2020-12-19T00:00:00Z,3,4.5538783125,bvre,temperature
2020-12-20T00:00:00Z,3,4.494670006944444,bvre,temperature
2020-12-21T00:00:00Z,3,4.6487014375,bvre,temperature
2020-12-22T00:00:00Z,3,4.645304277777778,bvre,temperature
2020-12-23T00:00:00Z,3,4.549320104166666,bvre,temperature
2020-12-24T00:00:00Z,3,4.532428027777778,bvre,temperature
2020-12-25T00:00:00Z,3,4.095729784722222,bvre,temperature
2020-12-26T00:00:00Z,3,3.165025472222222,bvre,temperature
2020-12-27T00:00:00Z,3,2.7463719861111113,bvre,temperature
2020-12-28T00:00:00Z,3,2.976255159722222,bvre,temperature
2020-12-29T00:00:00Z,3,3.001103701388889,bvre,temperature
2020-12-30T00:00:00Z,3,3.307913125,bvre,temperature
2020-12-31T00:00:00Z,3,3.478765597222222,bvre,temperature
2021-01-01T00:00:00Z,3,3.605089333333334,bvre,temperature
2021-01-02T00:00:00Z,3,3.7661064166666662,bvre,temperature
2021-01-03T00:00:00Z,3,4.0785958125,bvre,temperature
2021-01-04T00:00:00Z,3,4.120047131944444,bvre,temperature
2021-01-05T00:00:00Z,3,4.112627375,bvre,temperature
2021-01-06T00:00:00Z,3,3.966333243055556,bvre,temperature
2021-01-07T00:00:00Z,3,3.793661222222222,bvre,temperature
2021-01-08T00:00:00Z,3,3.7657611666666666,bvre,temperature
2021-01-09T00:00:00Z,3,3.5131353888888888,bvre,temperature
2021-01-10T00:00:00Z,3,3.1373868958333335,bvre,temperature
2021-01-11T00:00:00Z,3,2.3635047569444443,bvre,temperature
2021-01-12T00:00:00Z,3,2.865743597222222,bvre,temperature
2021-01-13T00:00:00Z,3,2.8974918402777776,bvre,temperature
2021-01-14T00:00:00Z,3,2.725540534722222,bvre,temperature
2021-01-15T00:00:00Z,3,2.7694614791666665,bvre,temperature
2021-01-16T00:00:00Z,3,2.548471395833334,bvre,temperature
2021-01-17T00:00:00Z,3,2.616844138888889,bvre,temperature
2021-01-18T00:00:00Z,3,2.592092902777778,bvre,temperature
2021-01-19T00:00:00Z,3,2.612107361111111,bvre,temperature
2021-01-20T00:00:00Z,3,2.6331301319444447,bvre,temperature
2021-01-21T00:00:00Z,3,2.6458629583333333,bvre,temperature
2021-01-22T00:00:00Z,3,2.795407354166666,bvre,temperature
2021-01-23T00:00:00Z,3,2.6621072083333335,bvre,temperature
2021-01-24T00:00:00Z,3,2.4240395763888887,bvre,temperature
2021-01-25T00:00:00Z,3,2.6706718402777776,bvre,temperature
2021-01-26T00:00:00Z,3,2.8594415069444445,bvre,temperature
2021-01-27T00:00:00Z,3,2.8334033958333333,bvre,temperature
2021-01-28T00:00:00Z,3,2.696554347222222,bvre,temperature
2021-01-29T00:00:00Z,3,2.206921659722222,bvre,temperature
2021-01-30T00:00:00Z,3,1.9960197847222223,bvre,temperature
2021-01-31T00:00:00Z,3,2.4232851319444446,bvre,temperature
2021-02-01T00:00:00Z,3,1.8712292430555555,bvre,temperature
2021-02-02T00:00:00Z,3,1.8363196597222224,bvre,temperature
2021-02-03T00:00:00Z,3,NA,bvre,temperature
2021-02-04T00:00:00Z,3,1.3711841458333334,bvre,temperature
2021-02-05T00:00:00Z,3,1.8210517430555555,bvre,temperature
2021-02-06T00:00:00Z,3,1.80156525,bvre,temperature
2021-02-07T00:00:00Z,3,1.8559231458333336,bvre,temperature
2021-02-08T00:00:00Z,3,1.857058625,bvre,temperature
2021-02-09T00:00:00Z,3,2.4122430069444443,bvre,temperature
2021-02-10T00:00:00Z,3,2.6230470208333334,bvre,temperature
2021-02-11T00:00:00Z,3,2.7080757777777777,bvre,temperature
2021-02-12T00:00:00Z,3,2.6023730694444445,bvre,temperature
2021-02-13T00:00:00Z,3,2.506331701388889,bvre,temperature
2021-02-14T00:00:00Z,3,2.3613449930555555,bvre,temperature
2021-02-15T00:00:00Z,3,2.640788548611111,bvre,temperature
2021-02-16T00:00:00Z,3,2.785662041666667,bvre,temperature
2021-02-17T00:00:00Z,3,2.516127034722222,bvre,temperature
2021-02-18T00:00:00Z,3,2.5592778263888887,bvre,temperature
2021-02-19T00:00:00Z,3,2.2868817638888888,bvre,temperature
2021-02-20T00:00:00Z,3,2.1974809166666667,bvre,temperature
2021-02-21T00:00:00Z,3,2.366312465277778,bvre,temperature
2021-02-22T00:00:00Z,3,2.6042634444444444,bvre,temperature
2021-02-23T00:00:00Z,3,2.772834326388889,bvre,temperature
2021-02-24T00:00:00Z,3,3.1841485138888888,bvre,temperature
2021-02-25T00:00:00Z,3,3.8136769791666665,bvre,temperature
2021-02-26T00:00:00Z,3,4.224298819444445,bvre,temperature
2021-02-27T00:00:00Z,3,4.311505986111111,bvre,temperature
2021-02-28T00:00:00Z,3,4.520134965277777,bvre,temperature
2021-03-01T00:00:00Z,3,4.8791095625,bvre,temperature
2021-03-02T00:00:00Z,3,4.871541305555556,bvre,temperature
2021-03-03T00:00:00Z,3,5.209658215277778,bvre,temperature
2021-03-04T00:00:00Z,3,5.578537958333333,bvre,temperature
2021-03-05T00:00:00Z,3,5.340439625,bvre,temperature
2021-03-06T00:00:00Z,3,5.336350875,bvre,temperature
2021-03-07T00:00:00Z,3,5.615751173611111,bvre,temperature
2021-03-08T00:00:00Z,3,NA,bvre,temperature
2021-03-09T00:00:00Z,3,6.676881270833333,bvre,temperature
2021-03-10T00:00:00Z,3,7.014097402777778,bvre,temperature
2021-03-11T00:00:00Z,3,7.834635180555556,bvre,temperature
2021-03-12T00:00:00Z,3,8.971491930555555,bvre,temperature
2021-03-13T00:00:00Z,3,9.0814403125,bvre,temperature
2021-03-14T00:00:00Z,3,8.6129928125,bvre,temperature
2021-03-15T00:00:00Z,3,7.799734756944444,bvre,temperature
2021-03-16T00:00:00Z,3,7.166718729166667,bvre,temperature
2021-03-17T00:00:00Z,3,7.408678430555556,bvre,temperature
2021-03-18T00:00:00Z,3,7.635407166666667,bvre,temperature
2021-03-19T00:00:00Z,3,8.501876840277777,bvre,temperature
2021-03-20T00:00:00Z,3,8.567282645833334,bvre,temperature
2021-03-21T00:00:00Z,3,8.5397410625,bvre,temperature
2021-03-22T00:00:00Z,3,8.994053118055556,bvre,temperature
2021-03-23T00:00:00Z,3,9.38197325,bvre,temperature
2021-03-24T00:00:00Z,3,10.054553652777775,bvre,temperature
2021-03-25T00:00:00Z,3,10.466691666666666,bvre,temperature
2021-03-26T00:00:00Z,3,11.55812486111111,bvre,temperature
2021-03-27T00:00:00Z,3,12.159780347222222,bvre,temperature
2021-03-28T00:00:00Z,3,12.329892083333334,bvre,temperature
2021-03-29T00:00:00Z,3,11.621716527777778,bvre,temperature
2021-03-30T00:00:00Z,3,11.272686527777775,bvre,temperature
2021-03-31T00:00:00Z,3,11.928250763888888,bvre,temperature
2021-04-01T00:00:00Z,3,10.911460069444445,bvre,temperature
2021-04-02T00:00:00Z,3,9.711000784722222,bvre,temperature
2021-04-03T00:00:00Z,3,9.990634083333331,bvre,temperature
2021-04-04T00:00:00Z,3,9.990716854166669,bvre,temperature
2021-04-05T00:00:00Z,3,NA,bvre,temperature
2021-04-06T00:00:00Z,3,13.595458819444444,bvre,temperature
2021-04-07T00:00:00Z,3,15.433432916666666,bvre,temperature
2021-04-08T00:00:00Z,3,13.434246805555556,bvre,temperature
2021-04-09T00:00:00Z,3,14.134371597222222,bvre,temperature
2021-04-10T00:00:00Z,3,14.233932916666667,bvre,temperature
2021-04-11T00:00:00Z,3,15.35333347222222,bvre,temperature
2021-04-12T00:00:00Z,3,15.866124305555555,bvre,temperature
2021-04-13T00:00:00Z,3,16.134666666666668,bvre,temperature
2021-04-14T00:00:00Z,3,15.963643194444444,bvre,temperature
2021-04-15T00:00:00Z,3,16.014026597222223,bvre,temperature
2021-04-16T00:00:00Z,3,15.035096597222225,bvre,temperature
2021-04-17T00:00:00Z,3,15.00625875,bvre,temperature
2021-04-18T00:00:00Z,3,15.467840694444444,bvre,temperature
2021-04-19T00:00:00Z,3,15.719034722222222,bvre,temperature
2021-04-20T00:00:00Z,3,15.420995972222222,bvre,temperature
2021-04-21T00:00:00Z,3,15.247572708333331,bvre,temperature
2021-04-22T00:00:00Z,3,13.70342861111111,bvre,temperature
2021-04-23T00:00:00Z,3,13.188359166666666,bvre,temperature
2021-04-24T00:00:00Z,3,12.605855347222224,bvre,temperature
2021-04-25T00:00:00Z,3,12.560060347222224,bvre,temperature
2021-04-26T00:00:00Z,3,13.522664861111112,bvre,temperature
2021-04-27T00:00:00Z,3,14.421490902777778,bvre,temperature
2021-04-28T00:00:00Z,3,18.00812076388889,bvre,temperature
2021-04-29T00:00:00Z,3,19.829003472222222,bvre,temperature
2021-04-30T00:00:00Z,3,17.901200902777777,bvre,temperature
2021-05-01T00:00:00Z,3,16.653265069444444,bvre,temperature
2021-05-02T00:00:00Z,3,16.61872236111111,bvre,temperature
2021-05-03T00:00:00Z,3,NA,bvre,temperature
2021-05-04T00:00:00Z,3,18.067160069444444,bvre,temperature
2021-05-05T00:00:00Z,3,19.192796666666663,bvre,temperature
2021-05-06T00:00:00Z,3,18.99723736111111,bvre,temperature
2021-05-07T00:00:00Z,3,18.03013548611111,bvre,temperature
2021-05-08T00:00:00Z,3,17.141206666666665,bvre,temperature
2021-05-09T00:00:00Z,3,17.036351875,bvre,temperature
2021-05-10T00:00:00Z,3,17.433948055555557,bvre,temperature
2021-05-11T00:00:00Z,3,17.82956736111111,bvre,temperature
2021-05-12T00:00:00Z,3,17.14777076388889,bvre,temperature
2021-05-13T00:00:00Z,3,17.24664888888889,bvre,temperature
2021-05-14T00:00:00Z,3,NA,bvre,temperature
2021-05-15T00:00:00Z,3,17.74629173611111,bvre,temperature
2021-05-16T00:00:00Z,3,17.576189791666668,bvre,temperature
2021-05-17T00:00:00Z,3,17.286264097222222,bvre,temperature
2021-05-18T00:00:00Z,3,17.384321666666665,bvre,temperature
2021-05-19T00:00:00Z,3,18.392558194444444,bvre,temperature
2021-05-20T00:00:00Z,3,19.337185069444445,bvre,temperature
2021-05-21T00:00:00Z,3,20.354961666666668,bvre,temperature
2021-05-22T00:00:00Z,3,21.784047708333333,bvre,temperature
2021-05-23T00:00:00Z,3,22.50909972222222,bvre,temperature
2021-05-24T00:00:00Z,3,22.29753375,bvre,temperature
2021-05-25T00:00:00Z,3,21.79971388888889,bvre,temperature
2021-05-26T00:00:00Z,3,23.34575875,bvre,temperature
2021-05-27T00:00:00Z,3,23.89656576388889,bvre,temperature
2021-05-28T00:00:00Z,3,23.69358125,bvre,temperature
2021-05-29T00:00:00Z,3,22.803881805555555,bvre,temperature
2021-05-30T00:00:00Z,3,21.523974166666665,bvre,temperature
2021-05-31T00:00:00Z,3,NA,bvre,temperature
2021-06-01T00:00:00Z,3,21.462502152777777,bvre,temperature
2021-06-02T00:00:00Z,3,21.797484375,bvre,temperature
2021-06-03T00:00:00Z,3,22.510044583333332,bvre,temperature
2021-06-04T00:00:00Z,3,23.330548819444445,bvre,temperature
2021-06-05T00:00:00Z,3,24.198970972222224,bvre,temperature
2021-06-06T00:00:00Z,3,24.928765625,bvre,temperature
2021-06-07T00:00:00Z,3,25.36746423611111,bvre,temperature
2021-06-08T00:00:00Z,3,25.96822034722222,bvre,temperature
2021-06-09T00:00:00Z,3,26.46585319444445,bvre,temperature
2021-06-10T00:00:00Z,3,26.293056875,bvre,temperature
2021-06-11T00:00:00Z,3,26.169460138888887,bvre,temperature
2021-06-12T00:00:00Z,3,25.771252708333332,bvre,temperature
2021-06-13T00:00:00Z,3,25.531501805555557,bvre,temperature
2021-06-14T00:00:00Z,3,26.570076805555555,bvre,temperature
2021-06-15T00:00:00Z,3,26.33402486111111,bvre,temperature
2021-06-16T00:00:00Z,3,25.377411111111112,bvre,temperature
2021-06-17T00:00:00Z,3,25.202716180555555,bvre,temperature
2021-06-18T00:00:00Z,3,25.570916041666667,bvre,temperature
2021-06-19T00:00:00Z,3,25.546663263888888,bvre,temperature
2021-06-20T00:00:00Z,3,25.640111666666662,bvre,temperature
2021-06-21T00:00:00Z,3,26.633260625,bvre,temperature
2021-06-22T00:00:00Z,3,25.87271381944445,bvre,temperature
2021-06-23T00:00:00Z,3,24.725286180555557,bvre,temperature
2021-06-24T00:00:00Z,3,24.378596805555556,bvre,temperature
2021-06-25T00:00:00Z,3,24.285229444444443,bvre,temperature
2021-06-26T00:00:00Z,3,24.933360208333333,bvre,temperature
2021-06-27T00:00:00Z,3,25.21265909722222,bvre,temperature
2021-06-28T00:00:00Z,3,NA,bvre,temperature
2021-06-29T00:00:00Z,3,26.88401576388889,bvre,temperature
2021-06-30T00:00:00Z,3,27.917922013888887,bvre,temperature
2021-07-01T00:00:00Z,3,27.57531,bvre,temperature
2021-07-02T00:00:00Z,3,26.520108125,bvre,temperature
2021-07-03T00:00:00Z,3,25.596219444444444,bvre,temperature
2021-07-04T00:00:00Z,3,25.733330277777775,bvre,temperature
2021-07-05T00:00:00Z,3,26.75829034722222,bvre,temperature
2021-07-06T00:00:00Z,3,27.276460277777776,bvre,temperature
2021-07-07T00:00:00Z,3,27.470593125,bvre,temperature
2021-07-08T00:00:00Z,3,26.567378819444443,bvre,temperature
2021-07-09T00:00:00Z,3,26.235721875,bvre,temperature
2021-07-10T00:00:00Z,3,26.591110555555556,bvre,temperature
2021-07-11T00:00:00Z,3,26.572506597222223,bvre,temperature
2021-07-12T00:00:00Z,3,NA,bvre,temperature
2021-07-13T00:00:00Z,3,27.392648472222223,bvre,temperature
2021-07-14T00:00:00Z,3,27.87913861111111,bvre,temperature
2021-07-15T00:00:00Z,3,28.304491319444445,bvre,temperature
2021-07-16T00:00:00Z,3,28.62456173611111,bvre,temperature
2021-07-17T00:00:00Z,3,28.034726944444444,bvre,temperature
2021-07-18T00:00:00Z,3,27.970921041666667,bvre,temperature
2021-07-19T00:00:00Z,3,27.658193958333335,bvre,temperature
2021-07-20T00:00:00Z,3,27.677428055555556,bvre,temperature
2021-07-21T00:00:00Z,3,27.49477826388889,bvre,temperature
2021-07-22T00:00:00Z,3,27.53472638888889,bvre,temperature
2021-07-23T00:00:00Z,3,27.276749305555555,bvre,temperature
2021-07-24T00:00:00Z,3,27.08942076388889,bvre,temperature
2021-07-25T00:00:00Z,3,27.693856041666667,bvre,temperature
2021-07-26T00:00:00Z,3,27.917031527777777,bvre,temperature
2021-07-27T00:00:00Z,3,28.74589840277778,bvre,temperature
2021-07-28T00:00:00Z,3,29.033532708333333,bvre,temperature
2021-07-29T00:00:00Z,3,29.353733055555555,bvre,temperature
2021-07-30T00:00:00Z,3,28.83612201388889,bvre,temperature
2021-07-31T00:00:00Z,3,28.14138944444445,bvre,temperature
2021-08-01T00:00:00Z,3,27.837128888888888,bvre,temperature
2021-08-02T00:00:00Z,3,27.518819583333332,bvre,temperature
2021-08-03T00:00:00Z,3,26.591537847222224,bvre,temperature
2021-08-04T00:00:00Z,3,26.337593472222224,bvre,temperature
2021-08-05T00:00:00Z,3,26.74765798611111,bvre,temperature
2021-08-06T00:00:00Z,3,26.704219930555556,bvre,temperature
2021-08-07T00:00:00Z,3,26.475210416666663,bvre,temperature
2021-08-08T00:00:00Z,3,27.226682152777776,bvre,temperature
2021-08-09T00:00:00Z,3,NA,bvre,temperature
2021-08-10T00:00:00Z,3,27.86479548611111,bvre,temperature
2021-08-11T00:00:00Z,3,27.95009368055555,bvre,temperature
2021-08-12T00:00:00Z,3,27.833745555555556,bvre,temperature
2021-08-13T00:00:00Z,3,27.89607125,bvre,temperature
2021-08-14T00:00:00Z,3,28.188978819444444,bvre,temperature
2021-08-15T00:00:00Z,3,27.23532381944445,bvre,temperature
2021-08-16T00:00:00Z,3,26.324023680555555,bvre,temperature
2021-08-17T00:00:00Z,3,25.75868180555555,bvre,temperature
2021-08-18T00:00:00Z,3,26.19420701388889,bvre,temperature
2021-08-19T00:00:00Z,3,26.611722222222223,bvre,temperature
2021-08-20T00:00:00Z,3,26.80606347222222,bvre,temperature
2021-08-21T00:00:00Z,3,27.177332152777776,bvre,temperature
2021-08-22T00:00:00Z,3,27.83280111111111,bvre,temperature
2021-08-23T00:00:00Z,3,NA,bvre,temperature
2021-08-24T00:00:00Z,3,28.502707902097903,bvre,temperature
2021-08-25T00:00:00Z,3,28.74363895833333,bvre,temperature
2021-08-26T00:00:00Z,3,28.92029215277778,bvre,temperature
2021-08-27T00:00:00Z,3,29.146341180555556,bvre,temperature
2021-08-28T00:00:00Z,3,29.265947708333332,bvre,temperature
2021-08-29T00:00:00Z,3,28.74320034722222,bvre,temperature
2021-08-30T00:00:00Z,3,29.124705,bvre,temperature
2021-08-31T00:00:00Z,3,28.233284930555556,bvre,temperature
2021-09-01T00:00:00Z,3,26.72876736111111,bvre,temperature
2021-09-02T00:00:00Z,3,25.89495888888889,bvre,temperature
2021-09-03T00:00:00Z,3,25.93327125,bvre,temperature
2021-09-04T00:00:00Z,3,25.310882777777778,bvre,temperature
2021-09-05T00:00:00Z,3,25.49010986111111,bvre,temperature
2021-09-06T00:00:00Z,3,NA,bvre,temperature
2021-09-07T00:00:00Z,3,25.908630277777775,bvre,temperature
2021-09-08T00:00:00Z,3,25.461215208333332,bvre,temperature
2021-09-09T00:00:00Z,3,24.797119652777777,bvre,temperature
2021-09-10T00:00:00Z,3,22.456852708333333,bvre,temperature
2021-09-11T00:00:00Z,3,21.97178111111111,bvre,temperature
2021-09-12T00:00:00Z,3,NA,bvre,temperature
2021-09-13T00:00:00Z,3,NA,bvre,temperature
2021-09-14T00:00:00Z,3,NA,bvre,temperature
2021-09-15T00:00:00Z,3,NA,bvre,temperature
2021-09-16T00:00:00Z,3,NA,bvre,temperature
2021-09-17T00:00:00Z,3,NA,bvre,temperature
2021-09-18T00:00:00Z,3,NA,bvre,temperature
2021-09-19T00:00:00Z,3,NA,bvre,temperature
2021-09-20T00:00:00Z,3,NA,bvre,temperature
2021-09-21T00:00:00Z,3,NA,bvre,temperature
2021-09-22T00:00:00Z,3,NA,bvre,temperature
2021-09-23T00:00:00Z,3,21.485184930555555,bvre,temperature
2021-09-24T00:00:00Z,3,21.49889701388889,bvre,temperature
2021-09-25T00:00:00Z,3,21.247144652777777,bvre,temperature
2021-09-26T00:00:00Z,3,20.691756597222223,bvre,temperature
2021-09-27T00:00:00Z,3,20.910382777777777,bvre,temperature
2021-09-28T00:00:00Z,3,20.568504166666667,bvre,temperature
2021-09-29T00:00:00Z,3,20.540185972222226,bvre,temperature
2021-09-30T00:00:00Z,3,21.74936798611111,bvre,temperature
2021-10-01T00:00:00Z,3,21.19232923611111,bvre,temperature
2021-10-02T00:00:00Z,3,21.623614097222223,bvre,temperature
2021-10-03T00:00:00Z,3,22.05089597222222,bvre,temperature
2021-10-04T00:00:00Z,3,22.01403236111111,bvre,temperature
2021-10-05T00:00:00Z,3,21.925495694444443,bvre,temperature
2021-10-06T00:00:00Z,3,21.594106805555555,bvre,temperature
2021-10-07T00:00:00Z,3,21.00541875,bvre,temperature
2021-10-08T00:00:00Z,3,20.69940409722222,bvre,temperature
2021-10-09T00:00:00Z,3,20.34391763888889,bvre,temperature
2021-10-10T00:00:00Z,3,20.371385,bvre,temperature
2021-10-11T00:00:00Z,3,20.116978888888887,bvre,temperature
2021-10-12T00:00:00Z,3,NA,bvre,temperature
2021-10-13T00:00:00Z,3,20.92975263888889,bvre,temperature
2021-10-14T00:00:00Z,3,21.121096805555556,bvre,temperature
2021-10-15T00:00:00Z,3,21.38880625,bvre,temperature
2021-10-16T00:00:00Z,3,20.1538675,bvre,temperature
2021-10-17T00:00:00Z,3,17.4499239375,bvre,temperature
2021-10-18T00:00:00Z,3,NA,bvre,temperature
2021-10-19T00:00:00Z,3,NA,bvre,temperature
2021-10-20T00:00:00Z,3,NA,bvre,temperature
2021-10-21T00:00:00Z,3,NA,bvre,temperature
2021-10-22T00:00:00Z,3,NA,bvre,temperature
2021-10-23T00:00:00Z,3,NA,bvre,temperature
2021-10-24T00:00:00Z,3,NA,bvre,temperature
2021-10-25T00:00:00Z,3,NA,bvre,temperature
2021-10-26T00:00:00Z,3,NA,bvre,temperature
2021-10-27T00:00:00Z,3,NA,bvre,temperature
2021-10-28T00:00:00Z,3,NA,bvre,temperature
2021-10-29T00:00:00Z,3,NA,bvre,temperature
2021-10-30T00:00:00Z,3,NA,bvre,temperature
2021-10-31T00:00:00Z,3,NA,bvre,temperature
2021-11-01T00:00:00Z,3,NA,bvre,temperature
2021-11-02T00:00:00Z,3,NA,bvre,temperature
2021-11-03T00:00:00Z,3,NA,bvre,temperature
2021-11-04T00:00:00Z,3,NA,bvre,temperature
2021-11-05T00:00:00Z,3,NA,bvre,temperature
2021-11-06T00:00:00Z,3,NA,bvre,temperature
2021-11-07T00:00:00Z,3,NA,bvre,temperature
2021-11-08T00:00:00Z,3,NA,bvre,temperature
2021-11-09T00:00:00Z,3,NA,bvre,temperature
2021-11-10T00:00:00Z,3,NA,bvre,temperature
2021-11-11T00:00:00Z,3,NA,bvre,temperature
2021-11-12T00:00:00Z,3,NA,bvre,temperature
2021-11-13T00:00:00Z,3,NA,bvre,temperature
2021-11-14T00:00:00Z,3,NA,bvre,temperature
2021-11-15T00:00:00Z,3,NA,bvre,temperature
2021-11-16T00:00:00Z,3,NA,bvre,temperature
2021-11-17T00:00:00Z,3,NA,bvre,temperature
2021-11-18T00:00:00Z,3,NA,bvre,temperature
2021-11-19T00:00:00Z,3,NA,bvre,temperature
2021-11-20T00:00:00Z,3,NA,bvre,temperature
2021-11-21T00:00:00Z,3,NA,bvre,temperature
2021-11-22T00:00:00Z,3,NA,bvre,temperature
2021-11-23T00:00:00Z,3,NA,bvre,temperature
2021-11-24T00:00:00Z,3,NA,bvre,temperature
2021-11-25T00:00:00Z,3,NA,bvre,temperature
2021-11-26T00:00:00Z,3,NA,bvre,temperature
2021-11-27T00:00:00Z,3,NA,bvre,temperature
2021-11-28T00:00:00Z,3,NA,bvre,temperature
2021-11-29T00:00:00Z,3,NA,bvre,temperature
2021-11-30T00:00:00Z,3,NA,bvre,temperature
2021-12-01T00:00:00Z,3,NA,bvre,temperature
2021-12-02T00:00:00Z,3,NA,bvre,temperature
2021-12-03T00:00:00Z,3,NA,bvre,temperature
2021-12-04T00:00:00Z,3,NA,bvre,temperature
2021-12-05T00:00:00Z,3,NA,bvre,temperature
2021-12-06T00:00:00Z,3,NA,bvre,temperature
2021-12-07T00:00:00Z,3,NA,bvre,temperature
2021-12-08T00:00:00Z,3,NA,bvre,temperature
2021-12-09T00:00:00Z,3,NA,bvre,temperature
2021-12-10T00:00:00Z,3,NA,bvre,temperature
2021-12-11T00:00:00Z,3,NA,bvre,temperature
2021-12-12T00:00:00Z,3,NA,bvre,temperature
2021-12-13T00:00:00Z,3,NA,bvre,temperature
2021-12-14T00:00:00Z,3,NA,bvre,temperature
2021-12-15T00:00:00Z,3,NA,bvre,temperature
2021-12-16T00:00:00Z,3,NA,bvre,temperature
2021-12-17T00:00:00Z,3,NA,bvre,temperature
2021-12-18T00:00:00Z,3,NA,bvre,temperature
2021-12-19T00:00:00Z,3,NA,bvre,temperature
2021-12-20T00:00:00Z,3,NA,bvre,temperature
2021-12-21T00:00:00Z,3,NA,bvre,temperature
2021-12-22T00:00:00Z,3,NA,bvre,temperature
2021-12-23T00:00:00Z,3,NA,bvre,temperature
2021-12-24T00:00:00Z,3,NA,bvre,temperature
2021-12-25T00:00:00Z,3,NA,bvre,temperature
2021-12-26T00:00:00Z,3,NA,bvre,temperature
2021-12-27T00:00:00Z,3,NA,bvre,temperature
2021-12-28T00:00:00Z,3,NA,bvre,temperature
2021-12-29T00:00:00Z,3,NA,bvre,temperature
2021-12-30T00:00:00Z,3,NA,bvre,temperature
2021-12-31T00:00:00Z,3,NA,bvre,temperature
2022-01-01T00:00:00Z,3,NA,bvre,temperature
2022-01-02T00:00:00Z,3,NA,bvre,temperature
2022-01-03T00:00:00Z,3,NA,bvre,temperature
2022-01-04T00:00:00Z,3,NA,bvre,temperature
2022-01-05T00:00:00Z,3,NA,bvre,temperature
2022-01-06T00:00:00Z,3,NA,bvre,temperature
2022-01-07T00:00:00Z,3,NA,bvre,temperature
2022-01-08T00:00:00Z,3,NA,bvre,temperature
2022-01-09T00:00:00Z,3,NA,bvre,temperature
2022-01-10T00:00:00Z,3,NA,bvre,temperature
2022-01-11T00:00:00Z,3,NA,bvre,temperature
2022-01-12T00:00:00Z,3,NA,bvre,temperature
2022-01-13T00:00:00Z,3,NA,bvre,temperature
2022-01-14T00:00:00Z,3,NA,bvre,temperature
2022-01-15T00:00:00Z,3,NA,bvre,temperature
2022-01-16T00:00:00Z,3,NA,bvre,temperature
2022-01-17T00:00:00Z,3,NA,bvre,temperature
2022-01-18T00:00:00Z,3,NA,bvre,temperature
2022-01-19T00:00:00Z,3,NA,bvre,temperature
2022-01-20T00:00:00Z,3,NA,bvre,temperature
2022-01-21T00:00:00Z,3,NA,bvre,temperature
2022-01-22T00:00:00Z,3,NA,bvre,temperature
2022-01-23T00:00:00Z,3,NA,bvre,temperature
2022-01-24T00:00:00Z,3,NA,bvre,temperature
2022-01-25T00:00:00Z,3,NA,bvre,temperature
2022-01-26T00:00:00Z,3,NA,bvre,temperature
2022-01-27T00:00:00Z,3,NA,bvre,temperature
2022-01-28T00:00:00Z,3,NA,bvre,temperature
2022-01-29T00:00:00Z,3,NA,bvre,temperature
2022-01-30T00:00:00Z,3,NA,bvre,temperature
2022-01-31T00:00:00Z,3,NA,bvre,temperature
2022-02-01T00:00:00Z,3,NA,bvre,temperature
2022-02-02T00:00:00Z,3,NA,bvre,temperature
2022-02-03T00:00:00Z,3,NA,bvre,temperature
2022-02-04T00:00:00Z,3,NA,bvre,temperature
2022-02-05T00:00:00Z,3,NA,bvre,temperature
2022-02-06T00:00:00Z,3,NA,bvre,temperature
2022-02-07T00:00:00Z,3,NA,bvre,temperature
2022-02-08T00:00:00Z,3,NA,bvre,temperature
2022-02-09T00:00:00Z,3,NA,bvre,temperature
2022-02-10T00:00:00Z,3,NA,bvre,temperature
2022-02-11T00:00:00Z,3,NA,bvre,temperature
2022-02-12T00:00:00Z,3,NA,bvre,temperature
2022-02-13T00:00:00Z,3,NA,bvre,temperature
2022-02-14T00:00:00Z,3,NA,bvre,temperature
2022-02-15T00:00:00Z,3,NA,bvre,temperature
2022-02-16T00:00:00Z,3,NA,bvre,temperature
2022-02-17T00:00:00Z,3,NA,bvre,temperature
2022-02-18T00:00:00Z,3,NA,bvre,temperature
2022-02-19T00:00:00Z,3,NA,bvre,temperature
2022-02-20T00:00:00Z,3,NA,bvre,temperature
2022-02-21T00:00:00Z,3,NA,bvre,temperature
2022-02-22T00:00:00Z,3,NA,bvre,temperature
2022-02-23T00:00:00Z,3,NA,bvre,temperature
2022-02-24T00:00:00Z,3,NA,bvre,temperature
2022-02-25T00:00:00Z,3,NA,bvre,temperature
2022-02-26T00:00:00Z,3,NA,bvre,temperature
2022-02-27T00:00:00Z,3,NA,bvre,temperature
2022-02-28T00:00:00Z,3,NA,bvre,temperature
2022-03-01T00:00:00Z,3,NA,bvre,temperature
2022-03-02T00:00:00Z,3,NA,bvre,temperature
2022-03-03T00:00:00Z,3,NA,bvre,temperature
2022-03-04T00:00:00Z,3,NA,bvre,temperature
2022-03-05T00:00:00Z,3,NA,bvre,temperature
2022-03-06T00:00:00Z,3,NA,bvre,temperature
2022-03-07T00:00:00Z,3,NA,bvre,temperature
2022-03-08T00:00:00Z,3,NA,bvre,temperature
2022-03-09T00:00:00Z,3,NA,bvre,temperature
2022-03-10T00:00:00Z,3,NA,bvre,temperature
2022-03-11T00:00:00Z,3,NA,bvre,temperature
2022-03-12T00:00:00Z,3,NA,bvre,temperature
2022-03-13T00:00:00Z,3,NA,bvre,temperature
2022-03-14T00:00:00Z,3,NA,bvre,temperature
2022-03-15T00:00:00Z,3,NA,bvre,temperature
2022-03-16T00:00:00Z,3,NA,bvre,temperature
2022-03-17T00:00:00Z,3,NA,bvre,temperature
2022-03-18T00:00:00Z,3,NA,bvre,temperature
2022-03-19T00:00:00Z,3,NA,bvre,temperature
2022-03-20T00:00:00Z,3,NA,bvre,temperature
2022-03-21T00:00:00Z,3,NA,bvre,temperature
2022-03-22T00:00:00Z,3,NA,bvre,temperature
2022-03-23T00:00:00Z,3,NA,bvre,temperature
2022-03-24T00:00:00Z,3,NA,bvre,temperature
2022-03-25T00:00:00Z,3,NA,bvre,temperature
2022-03-26T00:00:00Z,3,NA,bvre,temperature
2022-03-27T00:00:00Z,3,NA,bvre,temperature
2022-03-28T00:00:00Z,3,NA,bvre,temperature
2022-03-29T00:00:00Z,3,NA,bvre,temperature
2022-03-30T00:00:00Z,3,NA,bvre,temperature
2022-03-31T00:00:00Z,3,NA,bvre,temperature
2022-04-01T00:00:00Z,3,NA,bvre,temperature
2022-04-02T00:00:00Z,3,NA,bvre,temperature
2022-04-03T00:00:00Z,3,NA,bvre,temperature
2022-04-04T00:00:00Z,3,NA,bvre,temperature
2022-04-05T00:00:00Z,3,NA,bvre,temperature
2022-04-06T00:00:00Z,3,NA,bvre,temperature
2022-04-07T00:00:00Z,3,NA,bvre,temperature
2022-04-08T00:00:00Z,3,NA,bvre,temperature
2022-04-09T00:00:00Z,3,NA,bvre,temperature
2022-04-10T00:00:00Z,3,NA,bvre,temperature
2022-04-11T00:00:00Z,3,NA,bvre,temperature
2022-04-12T00:00:00Z,3,NA,bvre,temperature
2022-04-13T00:00:00Z,3,NA,bvre,temperature
2022-04-14T00:00:00Z,3,NA,bvre,temperature
2022-04-15T00:00:00Z,3,NA,bvre,temperature
2022-04-16T00:00:00Z,3,NA,bvre,temperature
2022-04-17T00:00:00Z,3,NA,bvre,temperature
2022-04-18T00:00:00Z,3,NA,bvre,temperature
2022-04-19T00:00:00Z,3,NA,bvre,temperature
2022-04-20T00:00:00Z,3,NA,bvre,temperature
2022-04-21T00:00:00Z,3,NA,bvre,temperature
2022-04-22T00:00:00Z,3,NA,bvre,temperature
2022-04-23T00:00:00Z,3,NA,bvre,temperature
2022-04-24T00:00:00Z,3,NA,bvre,temperature
2022-04-25T00:00:00Z,3,NA,bvre,temperature
2022-04-26T00:00:00Z,3,NA,bvre,temperature
2022-04-27T00:00:00Z,3,NA,bvre,temperature
2022-04-28T00:00:00Z,3,NA,bvre,temperature
2022-04-29T00:00:00Z,3,NA,bvre,temperature
2022-04-30T00:00:00Z,3,NA,bvre,temperature
2022-05-01T00:00:00Z,3,NA,bvre,temperature
2022-05-02T00:00:00Z,3,NA,bvre,temperature
2022-05-03T00:00:00Z,3,NA,bvre,temperature
2022-05-04T00:00:00Z,3,NA,bvre,temperature
2022-05-05T00:00:00Z,3,NA,bvre,temperature
2022-05-06T00:00:00Z,3,NA,bvre,temperature
2022-05-07T00:00:00Z,3,NA,bvre,temperature
2022-05-08T00:00:00Z,3,NA,bvre,temperature
2022-05-09T00:00:00Z,3,NA,bvre,temperature
2022-05-10T00:00:00Z,3,NA,bvre,temperature
2022-05-11T00:00:00Z,3,NA,bvre,temperature
2022-05-12T00:00:00Z,3,NA,bvre,temperature
2022-05-13T00:00:00Z,3,NA,bvre,temperature
2022-05-14T00:00:00Z,3,NA,bvre,temperature
2022-05-15T00:00:00Z,3,NA,bvre,temperature
2022-05-16T00:00:00Z,3,NA,bvre,temperature
2022-05-17T00:00:00Z,3,NA,bvre,temperature
2022-05-18T00:00:00Z,3,NA,bvre,temperature
2022-05-19T00:00:00Z,3,NA,bvre,temperature
2022-05-20T00:00:00Z,3,NA,bvre,temperature
2022-05-21T00:00:00Z,3,NA,bvre,temperature
2022-05-22T00:00:00Z,3,NA,bvre,temperature
2022-05-23T00:00:00Z,3,NA,bvre,temperature
2022-05-24T00:00:00Z,3,NA,bvre,temperature
2022-05-25T00:00:00Z,3,NA,bvre,temperature
2022-05-26T00:00:00Z,3,NA,bvre,temperature
2022-05-27T00:00:00Z,3,NA,bvre,temperature
2022-05-28T00:00:00Z,3,NA,bvre,temperature
2022-05-29T00:00:00Z,3,NA,bvre,temperature
2022-05-30T00:00:00Z,3,NA,bvre,temperature
2022-05-31T00:00:00Z,3,NA,bvre,temperature
2022-06-01T00:00:00Z,3,NA,bvre,temperature
2022-06-02T00:00:00Z,3,NA,bvre,temperature
2022-06-03T00:00:00Z,3,NA,bvre,temperature
2022-06-04T00:00:00Z,3,NA,bvre,temperature
2022-06-05T00:00:00Z,3,NA,bvre,temperature
2022-06-06T00:00:00Z,3,NA,bvre,temperature
2022-06-07T00:00:00Z,3,NA,bvre,temperature
2022-06-08T00:00:00Z,3,NA,bvre,temperature
2022-06-09T00:00:00Z,3,NA,bvre,temperature
2022-06-10T00:00:00Z,3,NA,bvre,temperature
2022-06-11T00:00:00Z,3,NA,bvre,temperature
2022-06-12T00:00:00Z,3,NA,bvre,temperature
2022-06-13T00:00:00Z,3,NA,bvre,temperature
2022-06-14T00:00:00Z,3,NA,bvre,temperature
2022-06-15T00:00:00Z,3,NA,bvre,temperature
2022-06-16T00:00:00Z,3,NA,bvre,temperature
2022-06-17T00:00:00Z,3,NA,bvre,temperature
2022-06-18T00:00:00Z,3,NA,bvre,temperature
2022-06-19T00:00:00Z,3,NA,bvre,temperature
2022-06-20T00:00:00Z,3,NA,bvre,temperature
2022-06-21T00:00:00Z,3,NA,bvre,temperature
2022-06-22T00:00:00Z,3,NA,bvre,temperature
2022-06-23T00:00:00Z,3,NA,bvre,temperature
2022-06-24T00:00:00Z,3,NA,bvre,temperature
2022-06-25T00:00:00Z,3,NA,bvre,temperature
2022-06-26T00:00:00Z,3,NA,bvre,temperature
2022-06-27T00:00:00Z,3,NA,bvre,temperature
2022-06-28T00:00:00Z,3,NA,bvre,temperature
2022-06-29T00:00:00Z,3,NA,bvre,temperature
2022-06-30T00:00:00Z,3,NA,bvre,temperature
2022-07-01T00:00:00Z,3,NA,bvre,temperature
2022-07-02T00:00:00Z,3,NA,bvre,temperature
2022-07-03T00:00:00Z,3,NA,bvre,temperature
2022-07-04T00:00:00Z,3,NA,bvre,temperature
2022-07-05T00:00:00Z,3,NA,bvre,temperature
2022-07-06T00:00:00Z,3,NA,bvre,temperature
2022-07-07T00:00:00Z,3,NA,bvre,temperature
2022-07-08T00:00:00Z,3,NA,bvre,temperature
2022-07-09T00:00:00Z,3,NA,bvre,temperature
2022-07-10T00:00:00Z,3,NA,bvre,temperature
2022-07-11T00:00:00Z,3,NA,bvre,temperature
2022-07-12T00:00:00Z,3,NA,bvre,temperature
2022-07-13T00:00:00Z,3,NA,bvre,temperature
2022-07-14T00:00:00Z,3,NA,bvre,temperature
2022-07-15T00:00:00Z,3,NA,bvre,temperature
2022-07-16T00:00:00Z,3,NA,bvre,temperature
2022-07-17T00:00:00Z,3,NA,bvre,temperature
2022-07-18T00:00:00Z,3,NA,bvre,temperature
2022-07-19T00:00:00Z,3,NA,bvre,temperature
2022-07-20T00:00:00Z,3,NA,bvre,temperature
2022-07-21T00:00:00Z,3,NA,bvre,temperature
2022-07-22T00:00:00Z,3,NA,bvre,temperature
2022-07-23T00:00:00Z,3,NA,bvre,temperature
2022-07-24T00:00:00Z,3,NA,bvre,temperature
2022-07-25T00:00:00Z,3,NA,bvre,temperature
2022-07-26T00:00:00Z,3,NA,bvre,temperature
2022-07-27T00:00:00Z,3,NA,bvre,temperature
2022-07-28T00:00:00Z,3,NA,bvre,temperature
2022-07-29T00:00:00Z,3,NA,bvre,temperature
2022-07-30T00:00:00Z,3,NA,bvre,temperature
2022-07-31T00:00:00Z,3,NA,bvre,temperature
2022-08-01T00:00:00Z,3,NA,bvre,temperature
2022-08-02T00:00:00Z,3,NA,bvre,temperature
2022-08-03T00:00:00Z,3,NA,bvre,temperature
2022-08-04T00:00:00Z,3,NA,bvre,temperature
2022-08-05T00:00:00Z,3,NA,bvre,temperature
2022-08-06T00:00:00Z,3,NA,bvre,temperature
2022-08-07T00:00:00Z,3,NA,bvre,temperature
2022-08-08T00:00:00Z,3,NA,bvre,temperature
2022-08-09T00:00:00Z,3,NA,bvre,temperature
2022-08-10T00:00:00Z,3,NA,bvre,temperature
2022-08-11T00:00:00Z,3,NA,bvre,temperature
2022-08-12T00:00:00Z,3,NA,bvre,temperature
2022-08-13T00:00:00Z,3,NA,bvre,temperature
2022-08-14T00:00:00Z,3,NA,bvre,temperature
2022-08-15T00:00:00Z,3,NA,bvre,temperature
2022-08-16T00:00:00Z,3,NA,bvre,temperature
2022-08-17T00:00:00Z,3,NA,bvre,temperature
2022-08-18T00:00:00Z,3,NA,bvre,temperature
2022-08-19T00:00:00Z,3,NA,bvre,temperature
2022-08-20T00:00:00Z,3,NA,bvre,temperature
2022-08-21T00:00:00Z,3,NA,bvre,temperature
2022-08-22T00:00:00Z,3,NA,bvre,temperature
2022-08-23T00:00:00Z,3,NA,bvre,temperature
2022-08-24T00:00:00Z,3,NA,bvre,temperature
2022-08-25T00:00:00Z,3,NA,bvre,temperature
2022-08-26T00:00:00Z,3,NA,bvre,temperature
2022-08-27T00:00:00Z,3,NA,bvre,temperature
2022-08-28T00:00:00Z,3,NA,bvre,temperature
2022-08-29T00:00:00Z,3,NA,bvre,temperature
2022-08-30T00:00:00Z,3,NA,bvre,temperature
2022-08-31T00:00:00Z,3,NA,bvre,temperature
2022-09-01T00:00:00Z,3,NA,bvre,temperature
2022-09-02T00:00:00Z,3,NA,bvre,temperature
2022-09-03T00:00:00Z,3,NA,bvre,temperature
2022-09-04T00:00:00Z,3,NA,bvre,temperature
2022-09-05T00:00:00Z,3,NA,bvre,temperature
2022-09-06T00:00:00Z,3,NA,bvre,temperature
2022-09-07T00:00:00Z,3,NA,bvre,temperature
2022-09-08T00:00:00Z,3,NA,bvre,temperature
2022-09-09T00:00:00Z,3,NA,bvre,temperature
2022-09-10T00:00:00Z,3,NA,bvre,temperature
2022-09-11T00:00:00Z,3,NA,bvre,temperature
2022-09-12T00:00:00Z,3,NA,bvre,temperature
2022-09-13T00:00:00Z,3,NA,bvre,temperature
2022-09-14T00:00:00Z,3,NA,bvre,temperature
2022-09-15T00:00:00Z,3,NA,bvre,temperature
2022-09-16T00:00:00Z,3,NA,bvre,temperature
2022-09-17T00:00:00Z,3,NA,bvre,temperature
2022-09-18T00:00:00Z,3,NA,bvre,temperature
2022-09-19T00:00:00Z,3,NA,bvre,temperature
2022-09-20T00:00:00Z,3,NA,bvre,temperature
2022-09-21T00:00:00Z,3,NA,bvre,temperature
2022-09-22T00:00:00Z,3,NA,bvre,temperature
2022-09-23T00:00:00Z,3,NA,bvre,temperature
2022-09-24T00:00:00Z,3,NA,bvre,temperature
2022-09-25T00:00:00Z,3,NA,bvre,temperature
2022-09-26T00:00:00Z,3,NA,bvre,temperature
2022-09-27T00:00:00Z,3,NA,bvre,temperature
2022-09-28T00:00:00Z,3,NA,bvre,temperature
2022-09-29T00:00:00Z,3,NA,bvre,temperature
2022-09-30T00:00:00Z,3,NA,bvre,temperature
2022-10-01T00:00:00Z,3,NA,bvre,temperature
2022-10-02T00:00:00Z,3,NA,bvre,temperature
2022-10-03T00:00:00Z,3,NA,bvre,temperature
2022-10-04T00:00:00Z,3,NA,bvre,temperature
2022-10-05T00:00:00Z,3,NA,bvre,temperature
2022-10-06T00:00:00Z,3,NA,bvre,temperature
2022-10-07T00:00:00Z,3,NA,bvre,temperature
2022-10-08T00:00:00Z,3,NA,bvre,temperature
2022-10-09T00:00:00Z,3,NA,bvre,temperature
2022-10-10T00:00:00Z,3,NA,bvre,temperature
2022-10-11T00:00:00Z,3,NA,bvre,temperature
2022-10-12T00:00:00Z,3,NA,bvre,temperature
2022-10-13T00:00:00Z,3,NA,bvre,temperature
2022-10-14T00:00:00Z,3,NA,bvre,temperature
2022-10-15T00:00:00Z,3,NA,bvre,temperature
2022-10-16T00:00:00Z,3,NA,bvre,temperature
2022-10-17T00:00:00Z,3,NA,bvre,temperature
2022-10-18T00:00:00Z,3,NA,bvre,temperature
2022-10-19T00:00:00Z,3,NA,bvre,temperature
2022-10-20T00:00:00Z,3,NA,bvre,temperature
2022-10-21T00:00:00Z,3,NA,bvre,temperature
2022-10-22T00:00:00Z,3,NA,bvre,temperature
2022-10-23T00:00:00Z,3,NA,bvre,temperature
2022-10-24T00:00:00Z,3,NA,bvre,temperature
2022-10-25T00:00:00Z,3,NA,bvre,temperature
2022-10-26T00:00:00Z,3,NA,bvre,temperature
2022-10-27T00:00:00Z,3,NA,bvre,temperature
2022-10-28T00:00:00Z,3,NA,bvre,temperature
2022-10-29T00:00:00Z,3,NA,bvre,temperature
2022-10-30T00:00:00Z,3,NA,bvre,temperature
2022-10-31T00:00:00Z,3,NA,bvre,temperature
2022-11-01T00:00:00Z,3,NA,bvre,temperature
2022-11-02T00:00:00Z,3,NA,bvre,temperature
2022-11-03T00:00:00Z,3,NA,bvre,temperature
2022-11-04T00:00:00Z,3,NA,bvre,temperature
2022-11-05T00:00:00Z,3,NA,bvre,temperature
2022-11-06T00:00:00Z,3,NA,bvre,temperature
2022-11-07T00:00:00Z,3,NA,bvre,temperature
2022-11-08T00:00:00Z,3,NA,bvre,temperature
2022-11-09T00:00:00Z,3,NA,bvre,temperature
2022-11-10T00:00:00Z,3,NA,bvre,temperature
2022-11-11T00:00:00Z,3,NA,bvre,temperature
2022-11-12T00:00:00Z,3,NA,bvre,temperature
2022-11-13T00:00:00Z,3,NA,bvre,temperature
2022-11-14T00:00:00Z,3,NA,bvre,temperature
2022-11-15T00:00:00Z,3,NA,bvre,temperature
2022-11-16T00:00:00Z,3,NA,bvre,temperature
2022-11-17T00:00:00Z,3,NA,bvre,temperature
2022-11-18T00:00:00Z,3,NA,bvre,temperature
2022-11-19T00:00:00Z,3,NA,bvre,temperature
2022-11-20T00:00:00Z,3,NA,bvre,temperature
2022-11-21T00:00:00Z,3,NA,bvre,temperature
2022-11-22T00:00:00Z,3,NA,bvre,temperature
2022-11-23T00:00:00Z,3,NA,bvre,temperature
2022-11-24T00:00:00Z,3,NA,bvre,temperature
2022-11-25T00:00:00Z,3,NA,bvre,temperature
2022-11-26T00:00:00Z,3,NA,bvre,temperature
2022-11-27T00:00:00Z,3,NA,bvre,temperature
2022-11-28T00:00:00Z,3,NA,bvre,temperature
2022-11-29T00:00:00Z,3,NA,bvre,temperature
2022-11-30T00:00:00Z,3,NA,bvre,temperature
2022-12-01T00:00:00Z,3,NA,bvre,temperature
2022-12-02T00:00:00Z,3,NA,bvre,temperature
2022-12-03T00:00:00Z,3,NA,bvre,temperature
2022-12-04T00:00:00Z,3,NA,bvre,temperature
2022-12-05T00:00:00Z,3,NA,bvre,temperature
2022-12-06T00:00:00Z,3,NA,bvre,temperature
2022-12-07T00:00:00Z,3,NA,bvre,temperature
2022-12-08T00:00:00Z,3,NA,bvre,temperature
2022-12-09T00:00:00Z,3,NA,bvre,temperature
2022-12-10T00:00:00Z,3,NA,bvre,temperature
2022-12-11T00:00:00Z,3,NA,bvre,temperature
2022-12-12T00:00:00Z,3,NA,bvre,temperature
2022-12-13T00:00:00Z,3,NA,bvre,temperature
2022-12-14T00:00:00Z,3,NA,bvre,temperature
2022-12-15T00:00:00Z,3,NA,bvre,temperature
2022-12-16T00:00:00Z,3,NA,bvre,temperature
2022-12-17T00:00:00Z,3,NA,bvre,temperature
2022-12-18T00:00:00Z,3,NA,bvre,temperature
2022-12-19T00:00:00Z,3,NA,bvre,temperature
2022-12-20T00:00:00Z,3,NA,bvre,temperature
2022-12-21T00:00:00Z,3,NA,bvre,temperature
2022-12-22T00:00:00Z,3,NA,bvre,temperature
2022-12-23T00:00:00Z,3,NA,bvre,temperature
2022-12-24T00:00:00Z,3,NA,bvre,temperature
2022-12-25T00:00:00Z,3,NA,bvre,temperature
2022-12-26T00:00:00Z,3,NA,bvre,temperature
2022-12-27T00:00:00Z,3,NA,bvre,temperature
2022-12-28T00:00:00Z,3,NA,bvre,temperature
2022-12-29T00:00:00Z,3,NA,bvre,temperature
2022-12-30T00:00:00Z,3,NA,bvre,temperature
2022-12-31T00:00:00Z,3,NA,bvre,temperature
2023-01-01T00:00:00Z,3,NA,bvre,temperature
2023-01-02T00:00:00Z,3,NA,bvre,temperature
2023-01-03T00:00:00Z,3,NA,bvre,temperature
2023-01-04T00:00:00Z,3,NA,bvre,temperature
2023-01-05T00:00:00Z,3,NA,bvre,temperature
2023-01-06T00:00:00Z,3,NA,bvre,temperature
2023-01-07T00:00:00Z,3,NA,bvre,temperature
2023-01-08T00:00:00Z,3,NA,bvre,temperature
2023-01-09T00:00:00Z,3,NA,bvre,temperature
2023-01-10T00:00:00Z,3,NA,bvre,temperature
2023-01-11T00:00:00Z,3,NA,bvre,temperature
2023-01-12T00:00:00Z,3,NA,bvre,temperature
2023-01-13T00:00:00Z,3,NA,bvre,temperature
2023-01-14T00:00:00Z,3,NA,bvre,temperature
2023-01-15T00:00:00Z,3,NA,bvre,temperature
2023-01-16T00:00:00Z,3,NA,bvre,temperature
2023-01-17T00:00:00Z,3,NA,bvre,temperature
2023-01-18T00:00:00Z,3,NA,bvre,temperature
2023-01-19T00:00:00Z,3,NA,bvre,temperature
2023-01-20T00:00:00Z,3,NA,bvre,temperature
2023-01-21T00:00:00Z,3,NA,bvre,temperature
2023-01-22T00:00:00Z,3,NA,bvre,temperature
2023-01-23T00:00:00Z,3,NA,bvre,temperature
2023-01-24T00:00:00Z,3,NA,bvre,temperature
2023-01-25T00:00:00Z,3,NA,bvre,temperature
2023-01-26T00:00:00Z,3,NA,bvre,temperature
2023-01-27T00:00:00Z,3,NA,bvre,temperature
2023-01-28T00:00:00Z,3,NA,bvre,temperature
2023-01-29T00:00:00Z,3,NA,bvre,temperature
2023-01-30T00:00:00Z,3,NA,bvre,temperature
2023-01-31T00:00:00Z,3,NA,bvre,temperature
2023-02-01T00:00:00Z,3,NA,bvre,temperature
2023-02-02T00:00:00Z,3,NA,bvre,temperature
2023-02-03T00:00:00Z,3,NA,bvre,temperature
2023-02-04T00:00:00Z,3,NA,bvre,temperature
2023-02-05T00:00:00Z,3,NA,bvre,temperature
2023-02-06T00:00:00Z,3,NA,bvre,temperature
2023-02-07T00:00:00Z,3,NA,bvre,temperature
2023-02-08T00:00:00Z,3,NA,bvre,temperature
2023-02-09T00:00:00Z,3,NA,bvre,temperature
2023-02-10T00:00:00Z,3,NA,bvre,temperature
2023-02-11T00:00:00Z,3,NA,bvre,temperature
2023-02-12T00:00:00Z,3,NA,bvre,temperature
2023-02-13T00:00:00Z,3,NA,bvre,temperature
2023-02-14T00:00:00Z,3,NA,bvre,temperature
2023-02-15T00:00:00Z,3,NA,bvre,temperature
2023-02-16T00:00:00Z,3,NA,bvre,temperature
2023-02-17T00:00:00Z,3,NA,bvre,temperature
2023-02-18T00:00:00Z,3,NA,bvre,temperature
2023-02-19T00:00:00Z,3,NA,bvre,temperature
2023-02-20T00:00:00Z,3,NA,bvre,temperature
2023-02-21T00:00:00Z,3,NA,bvre,temperature
2023-02-22T00:00:00Z,3,NA,bvre,temperature
2023-02-23T00:00:00Z,3,NA,bvre,temperature
2023-02-24T00:00:00Z,3,NA,bvre,temperature
2023-02-25T00:00:00Z,3,NA,bvre,temperature
2023-02-26T00:00:00Z,3,NA,bvre,temperature
2023-02-27T00:00:00Z,3,NA,bvre,temperature
2023-02-28T00:00:00Z,3,NA,bvre,temperature
2023-03-01T00:00:00Z,3,NA,bvre,temperature
2023-03-02T00:00:00Z,3,NA,bvre,temperature
2023-03-03T00:00:00Z,3,NA,bvre,temperature
2023-03-04T00:00:00Z,3,NA,bvre,temperature
2023-03-05T00:00:00Z,3,NA,bvre,temperature
2023-03-06T00:00:00Z,3,NA,bvre,temperature
2023-03-07T00:00:00Z,3,NA,bvre,temperature
2023-03-08T00:00:00Z,3,NA,bvre,temperature
2023-03-09T00:00:00Z,3,NA,bvre,temperature
2023-03-10T00:00:00Z,3,NA,bvre,temperature
2023-03-11T00:00:00Z,3,NA,bvre,temperature
2023-03-12T00:00:00Z,3,NA,bvre,temperature
2023-03-13T00:00:00Z,3,NA,bvre,temperature
2023-03-14T00:00:00Z,3,NA,bvre,temperature
2023-03-15T00:00:00Z,3,NA,bvre,temperature
2023-03-16T00:00:00Z,3,NA,bvre,temperature
2023-03-17T00:00:00Z,3,NA,bvre,temperature
2023-03-18T00:00:00Z,3,NA,bvre,temperature
2023-03-19T00:00:00Z,3,NA,bvre,temperature
2023-03-20T00:00:00Z,3,NA,bvre,temperature
2023-03-21T00:00:00Z,3,NA,bvre,temperature
2023-03-22T00:00:00Z,3,NA,bvre,temperature
2023-03-23T00:00:00Z,3,NA,bvre,temperature
2023-03-24T00:00:00Z,3,NA,bvre,temperature
2023-03-25T00:00:00Z,3,NA,bvre,temperature
2023-03-26T00:00:00Z,3,NA,bvre,temperature
2023-03-27T00:00:00Z,3,NA,bvre,temperature
2023-03-28T00:00:00Z,3,NA,bvre,temperature
2023-03-29T00:00:00Z,3,NA,bvre,temperature
2023-03-30T00:00:00Z,3,NA,bvre,temperature
2023-03-31T00:00:00Z,3,NA,bvre,temperature
2023-04-01T00:00:00Z,3,NA,bvre,temperature
2023-04-02T00:00:00Z,3,NA,bvre,temperature
2023-04-03T00:00:00Z,3,NA,bvre,temperature
2023-04-04T00:00:00Z,3,NA,bvre,temperature
2023-04-05T00:00:00Z,3,NA,bvre,temperature
2023-04-06T00:00:00Z,3,NA,bvre,temperature
2023-04-07T00:00:00Z,3,NA,bvre,temperature
2023-04-08T00:00:00Z,3,NA,bvre,temperature
2023-04-09T00:00:00Z,3,NA,bvre,temperature
2023-04-10T00:00:00Z,3,NA,bvre,temperature
2023-04-11T00:00:00Z,3,NA,bvre,temperature
2023-04-12T00:00:00Z,3,NA,bvre,temperature
2023-04-13T00:00:00Z,3,NA,bvre,temperature
2023-04-14T00:00:00Z,3,NA,bvre,temperature
2023-04-15T00:00:00Z,3,NA,bvre,temperature
2023-04-16T00:00:00Z,3,NA,bvre,temperature
2023-04-17T00:00:00Z,3,NA,bvre,temperature
2023-04-18T00:00:00Z,3,NA,bvre,temperature
2023-04-19T00:00:00Z,3,NA,bvre,temperature
2023-04-20T00:00:00Z,3,NA,bvre,temperature
2023-04-21T00:00:00Z,3,NA,bvre,temperature
2023-04-22T00:00:00Z,3,NA,bvre,temperature
2023-04-23T00:00:00Z,3,NA,bvre,temperature
2023-04-24T00:00:00Z,3,NA,bvre,temperature
2023-04-25T00:00:00Z,3,NA,bvre,temperature
2023-04-26T00:00:00Z,3,NA,bvre,temperature
2023-04-27T00:00:00Z,3,NA,bvre,temperature
2023-04-28T00:00:00Z,3,NA,bvre,temperature
2023-04-29T00:00:00Z,3,NA,bvre,temperature
2023-04-30T00:00:00Z,3,NA,bvre,temperature
2023-05-01T00:00:00Z,3,NA,bvre,temperature
2023-05-02T00:00:00Z,3,NA,bvre,temperature
2023-05-03T00:00:00Z,3,NA,bvre,temperature
2023-05-04T00:00:00Z,3,NA,bvre,temperature
2023-05-05T00:00:00Z,3,NA,bvre,temperature
2023-05-06T00:00:00Z,3,NA,bvre,temperature
2023-05-07T00:00:00Z,3,NA,bvre,temperature
2023-05-08T00:00:00Z,3,NA,bvre,temperature
2023-05-09T00:00:00Z,3,NA,bvre,temperature
2023-05-10T00:00:00Z,3,NA,bvre,temperature
2023-05-11T00:00:00Z,3,NA,bvre,temperature
2023-05-12T00:00:00Z,3,NA,bvre,temperature
2023-05-13T00:00:00Z,3,NA,bvre,temperature
2023-05-14T00:00:00Z,3,NA,bvre,temperature
2023-05-15T00:00:00Z,3,NA,bvre,temperature
2023-05-16T00:00:00Z,3,NA,bvre,temperature
2023-05-17T00:00:00Z,3,NA,bvre,temperature
2023-05-18T00:00:00Z,3,NA,bvre,temperature
2023-05-19T00:00:00Z,3,NA,bvre,temperature
2023-05-20T00:00:00Z,3,NA,bvre,temperature
2023-05-21T00:00:00Z,3,NA,bvre,temperature
2023-05-22T00:00:00Z,3,NA,bvre,temperature
2023-05-23T00:00:00Z,3,NA,bvre,temperature
2023-05-24T00:00:00Z,3,NA,bvre,temperature
2023-05-25T00:00:00Z,3,NA,bvre,temperature
2023-05-26T00:00:00Z,3,NA,bvre,temperature
2023-05-27T00:00:00Z,3,NA,bvre,temperature
2023-05-28T00:00:00Z,3,NA,bvre,temperature
2023-05-29T00:00:00Z,3,NA,bvre,temperature
2023-05-30T00:00:00Z,3,NA,bvre,temperature
2023-05-31T00:00:00Z,3,NA,bvre,temperature
2023-06-01T00:00:00Z,3,NA,bvre,temperature
2023-06-02T00:00:00Z,3,NA,bvre,temperature
2023-06-03T00:00:00Z,3,NA,bvre,temperature
2023-06-04T00:00:00Z,3,NA,bvre,temperature
2023-06-05T00:00:00Z,3,NA,bvre,temperature
2023-06-06T00:00:00Z,3,NA,bvre,temperature
2023-06-07T00:00:00Z,3,NA,bvre,temperature
2023-06-08T00:00:00Z,3,NA,bvre,temperature
2023-06-09T00:00:00Z,3,NA,bvre,temperature
2023-06-10T00:00:00Z,3,NA,bvre,temperature
2023-06-11T00:00:00Z,3,NA,bvre,temperature
2023-06-12T00:00:00Z,3,NA,bvre,temperature
2023-06-13T00:00:00Z,3,NA,bvre,temperature
2023-06-14T00:00:00Z,3,NA,bvre,temperature
2023-06-15T00:00:00Z,3,NA,bvre,temperature
2023-06-16T00:00:00Z,3,NA,bvre,temperature
2023-06-17T00:00:00Z,3,NA,bvre,temperature
2023-06-18T00:00:00Z,3,NA,bvre,temperature
2023-06-19T00:00:00Z,3,NA,bvre,temperature
2023-06-20T00:00:00Z,3,NA,bvre,temperature
2023-06-21T00:00:00Z,3,NA,bvre,temperature
2023-06-22T00:00:00Z,3,NA,bvre,temperature
2023-06-23T00:00:00Z,3,NA,bvre,temperature
2023-06-24T00:00:00Z,3,NA,bvre,temperature
2023-06-25T00:00:00Z,3,NA,bvre,temperature
2023-06-26T00:00:00Z,3,NA,bvre,temperature
2023-06-27T00:00:00Z,3,NA,bvre,temperature
2023-06-28T00:00:00Z,3,NA,bvre,temperature
2023-06-29T00:00:00Z,3,NA,bvre,temperature
2023-06-30T00:00:00Z,3,NA,bvre,temperature
2023-07-01T00:00:00Z,3,NA,bvre,temperature
2023-07-02T00:00:00Z,3,NA,bvre,temperature
2023-07-03T00:00:00Z,3,NA,bvre,temperature
2023-07-04T00:00:00Z,3,NA,bvre,temperature
2023-07-05T00:00:00Z,3,NA,bvre,temperature
2023-07-06T00:00:00Z,3,NA,bvre,temperature
2023-07-07T00:00:00Z,3,NA,bvre,temperature
2023-07-08T00:00:00Z,3,NA,bvre,temperature
2023-07-09T00:00:00Z,3,NA,bvre,temperature
2023-07-10T00:00:00Z,3,NA,bvre,temperature
2023-07-11T00:00:00Z,3,NA,bvre,temperature
2023-07-12T00:00:00Z,3,NA,bvre,temperature
2023-07-13T00:00:00Z,3,NA,bvre,temperature
2023-07-14T00:00:00Z,3,NA,bvre,temperature
2023-07-15T00:00:00Z,3,NA,bvre,temperature
2023-07-16T00:00:00Z,3,NA,bvre,temperature
2023-07-17T00:00:00Z,3,NA,bvre,temperature
2023-07-18T00:00:00Z,3,NA,bvre,temperature
2023-07-19T00:00:00Z,3,NA,bvre,temperature
2023-07-20T00:00:00Z,3,NA,bvre,temperature
2023-07-21T00:00:00Z,3,NA,bvre,temperature
2023-07-22T00:00:00Z,3,NA,bvre,temperature
2023-07-23T00:00:00Z,3,NA,bvre,temperature
2023-07-24T00:00:00Z,3,NA,bvre,temperature
2023-07-25T00:00:00Z,3,NA,bvre,temperature
2023-07-26T00:00:00Z,3,NA,bvre,temperature
2023-07-27T00:00:00Z,3,NA,bvre,temperature
2023-07-28T00:00:00Z,3,NA,bvre,temperature
2023-07-29T00:00:00Z,3,NA,bvre,temperature
2023-07-30T00:00:00Z,3,NA,bvre,temperature
2023-07-31T00:00:00Z,3,NA,bvre,temperature
2023-08-01T00:00:00Z,3,NA,bvre,temperature
2023-08-02T00:00:00Z,3,NA,bvre,temperature
2023-08-03T00:00:00Z,3,NA,bvre,temperature
2023-08-04T00:00:00Z,3,NA,bvre,temperature
2023-08-05T00:00:00Z,3,NA,bvre,temperature
2023-08-06T00:00:00Z,3,NA,bvre,temperature
2023-08-07T00:00:00Z,3,NA,bvre,temperature
2023-08-08T00:00:00Z,3,NA,bvre,temperature
2023-08-09T00:00:00Z,3,NA,bvre,temperature
2023-08-10T00:00:00Z,3,NA,bvre,temperature
2023-08-11T00:00:00Z,3,NA,bvre,temperature
2023-08-12T00:00:00Z,3,NA,bvre,temperature
2023-08-13T00:00:00Z,3,NA,bvre,temperature
2023-08-14T00:00:00Z,3,NA,bvre,temperature
2023-08-15T00:00:00Z,3,NA,bvre,temperature
2023-08-16T00:00:00Z,3,NA,bvre,temperature
2023-08-17T00:00:00Z,3,NA,bvre,temperature
2023-08-18T00:00:00Z,3,NA,bvre,temperature
2023-08-19T00:00:00Z,3,NA,bvre,temperature
2023-08-20T00:00:00Z,3,NA,bvre,temperature
2023-08-21T00:00:00Z,3,NA,bvre,temperature
2023-08-22T00:00:00Z,3,NA,bvre,temperature
2023-08-23T00:00:00Z,3,NA,bvre,temperature
2023-08-24T00:00:00Z,3,NA,bvre,temperature
2023-08-25T00:00:00Z,3,NA,bvre,temperature
2023-08-26T00:00:00Z,3,NA,bvre,temperature
2023-08-27T00:00:00Z,3,NA,bvre,temperature
2023-08-28T00:00:00Z,3,NA,bvre,temperature
2023-08-29T00:00:00Z,3,NA,bvre,temperature
2023-08-30T00:00:00Z,3,NA,bvre,temperature
2023-08-31T00:00:00Z,3,NA,bvre,temperature
2023-09-01T00:00:00Z,3,NA,bvre,temperature
2023-09-02T00:00:00Z,3,NA,bvre,temperature
2023-09-03T00:00:00Z,3,NA,bvre,temperature
2023-09-04T00:00:00Z,3,NA,bvre,temperature
2023-09-05T00:00:00Z,3,NA,bvre,temperature
2023-09-06T00:00:00Z,3,NA,bvre,temperature
2023-09-07T00:00:00Z,3,NA,bvre,temperature
2023-09-08T00:00:00Z,3,NA,bvre,temperature
2023-09-09T00:00:00Z,3,NA,bvre,temperature
2023-09-10T00:00:00Z,3,NA,bvre,temperature
2023-09-11T00:00:00Z,3,NA,bvre,temperature
2023-09-12T00:00:00Z,3,NA,bvre,temperature
2023-09-13T00:00:00Z,3,NA,bvre,temperature
2023-09-14T00:00:00Z,3,NA,bvre,temperature
2023-09-15T00:00:00Z,3,NA,bvre,temperature
2023-09-16T00:00:00Z,3,NA,bvre,temperature
2023-09-17T00:00:00Z,3,NA,bvre,temperature
2023-09-18T00:00:00Z,3,NA,bvre,temperature
2023-09-19T00:00:00Z,3,NA,bvre,temperature
2023-09-20T00:00:00Z,3,NA,bvre,temperature
2023-09-21T00:00:00Z,3,NA,bvre,temperature
2023-09-22T00:00:00Z,3,NA,bvre,temperature
2023-09-23T00:00:00Z,3,NA,bvre,temperature
2023-09-24T00:00:00Z,3,NA,bvre,temperature
2023-09-25T00:00:00Z,3,NA,bvre,temperature
2023-09-26T00:00:00Z,3,NA,bvre,temperature
2023-09-27T00:00:00Z,3,NA,bvre,temperature
2023-09-28T00:00:00Z,3,NA,bvre,temperature
2023-09-29T00:00:00Z,3,NA,bvre,temperature
2023-09-30T00:00:00Z,3,NA,bvre,temperature
2023-10-01T00:00:00Z,3,NA,bvre,temperature
2023-10-02T00:00:00Z,3,NA,bvre,temperature
2023-10-03T00:00:00Z,3,NA,bvre,temperature
2023-10-04T00:00:00Z,3,NA,bvre,temperature
2023-10-05T00:00:00Z,3,NA,bvre,temperature
2023-10-06T00:00:00Z,3,NA,bvre,temperature
2023-10-07T00:00:00Z,3,NA,bvre,temperature
2023-10-08T00:00:00Z,3,NA,bvre,temperature
2023-10-09T00:00:00Z,3,NA,bvre,temperature
2023-10-10T00:00:00Z,3,NA,bvre,temperature
2023-10-11T00:00:00Z,3,NA,bvre,temperature
2023-10-12T00:00:00Z,3,NA,bvre,temperature
2023-10-13T00:00:00Z,3,NA,bvre,temperature
2023-10-14T00:00:00Z,3,NA,bvre,temperature
2023-10-15T00:00:00Z,3,NA,bvre,temperature
2023-10-16T00:00:00Z,3,NA,bvre,temperature
2023-10-17T00:00:00Z,3,NA,bvre,temperature
2023-10-18T00:00:00Z,3,NA,bvre,temperature
2023-10-19T00:00:00Z,3,NA,bvre,temperature
2023-10-20T00:00:00Z,3,NA,bvre,temperature
2023-10-21T00:00:00Z,3,NA,bvre,temperature
2023-10-22T00:00:00Z,3,NA,bvre,temperature
2023-10-23T00:00:00Z,3,NA,bvre,temperature
2023-10-24T00:00:00Z,3,NA,bvre,temperature
2023-10-25T00:00:00Z,3,NA,bvre,temperature
2023-10-26T00:00:00Z,3,NA,bvre,temperature
2023-10-27T00:00:00Z,3,NA,bvre,temperature
2023-10-28T00:00:00Z,3,NA,bvre,temperature
2023-10-29T00:00:00Z,3,NA,bvre,temperature
2023-10-30T00:00:00Z,3,NA,bvre,temperature
2023-10-31T00:00:00Z,3,NA,bvre,temperature
2023-11-01T00:00:00Z,3,NA,bvre,temperature
2023-11-02T00:00:00Z,3,NA,bvre,temperature
2023-11-03T00:00:00Z,3,NA,bvre,temperature
2023-11-04T00:00:00Z,3,NA,bvre,temperature
2023-11-05T00:00:00Z,3,NA,bvre,temperature
2023-11-06T00:00:00Z,3,NA,bvre,temperature
2023-11-07T00:00:00Z,3,NA,bvre,temperature
2023-11-08T00:00:00Z,3,NA,bvre,temperature
2023-11-09T00:00:00Z,3,NA,bvre,temperature
2023-11-10T00:00:00Z,3,NA,bvre,temperature
2023-11-11T00:00:00Z,3,NA,bvre,temperature
2023-11-12T00:00:00Z,3,NA,bvre,temperature
2023-11-13T00:00:00Z,3,NA,bvre,temperature
2023-11-14T00:00:00Z,3,NA,bvre,temperature
2023-11-15T00:00:00Z,3,NA,bvre,temperature
2023-11-16T00:00:00Z,3,NA,bvre,temperature
2023-11-17T00:00:00Z,3,NA,bvre,temperature
2023-11-18T00:00:00Z,3,NA,bvre,temperature
2023-11-19T00:00:00Z,3,NA,bvre,temperature
2023-11-20T00:00:00Z,3,NA,bvre,temperature
2023-11-21T00:00:00Z,3,NA,bvre,temperature
2023-11-22T00:00:00Z,3,NA,bvre,temperature
2023-11-23T00:00:00Z,3,NA,bvre,temperature
2023-11-24T00:00:00Z,3,NA,bvre,temperature
2023-11-25T00:00:00Z,3,NA,bvre,temperature
2023-11-26T00:00:00Z,3,NA,bvre,temperature
2023-11-27T00:00:00Z,3,NA,bvre,temperature
2023-11-28T00:00:00Z,3,NA,bvre,temperature
2023-11-29T00:00:00Z,3,NA,bvre,temperature
2023-11-30T00:00:00Z,3,NA,bvre,temperature
2023-12-01T00:00:00Z,3,NA,bvre,temperature
2023-12-02T00:00:00Z,3,NA,bvre,temperature
2023-12-03T00:00:00Z,3,NA,bvre,temperature
2023-12-04T00:00:00Z,3,NA,bvre,temperature
2023-12-05T00:00:00Z,3,NA,bvre,temperature
2023-12-06T00:00:00Z,3,NA,bvre,temperature
2023-12-07T00:00:00Z,3,NA,bvre,temperature
2023-12-08T00:00:00Z,3,NA,bvre,temperature
2023-12-09T00:00:00Z,3,NA,bvre,temperature
2023-12-10T00:00:00Z,3,NA,bvre,temperature
2023-12-11T00:00:00Z,3,NA,bvre,temperature
2023-12-12T00:00:00Z,3,NA,bvre,temperature
2023-12-13T00:00:00Z,3,NA,bvre,temperature
2023-12-14T00:00:00Z,3,NA,bvre,temperature
2023-12-15T00:00:00Z,3,NA,bvre,temperature
2023-12-16T00:00:00Z,3,NA,bvre,temperature
2023-12-17T00:00:00Z,3,NA,bvre,temperature
2023-12-18T00:00:00Z,3,NA,bvre,temperature
2023-12-19T00:00:00Z,3,NA,bvre,temperature
2023-12-20T00:00:00Z,3,NA,bvre,temperature
2023-12-21T00:00:00Z,3,NA,bvre,temperature
2023-12-22T00:00:00Z,3,NA,bvre,temperature
2023-12-23T00:00:00Z,3,NA,bvre,temperature
2023-12-24T00:00:00Z,3,NA,bvre,temperature
2023-12-25T00:00:00Z,3,NA,bvre,temperature
2023-12-26T00:00:00Z,3,NA,bvre,temperature
2023-12-27T00:00:00Z,3,NA,bvre,temperature
2023-12-28T00:00:00Z,3,NA,bvre,temperature
2023-12-29T00:00:00Z,3,NA,bvre,temperature
2023-12-30T00:00:00Z,3,NA,bvre,temperature
2023-12-31T00:00:00Z,3,NA,bvre,temperature
2024-01-01T00:00:00Z,3,NA,bvre,temperature
2024-01-02T00:00:00Z,3,NA,bvre,temperature
2024-01-03T00:00:00Z,3,NA,bvre,temperature
2024-01-04T00:00:00Z,3,NA,bvre,temperature
2024-01-05T00:00:00Z,3,NA,bvre,temperature
2024-01-06T00:00:00Z,3,NA,bvre,temperature
2024-01-07T00:00:00Z,3,NA,bvre,temperature
2024-01-08T00:00:00Z,3,NA,bvre,temperature
2024-01-09T00:00:00Z,3,NA,bvre,temperature
2024-01-10T00:00:00Z,3,NA,bvre,temperature
2024-01-11T00:00:00Z,3,NA,bvre,temperature
2024-01-12T00:00:00Z,3,NA,bvre,temperature
2024-01-13T00:00:00Z,3,NA,bvre,temperature
2024-01-14T00:00:00Z,3,NA,bvre,temperature
2024-01-15T00:00:00Z,3,NA,bvre,temperature
2024-01-16T00:00:00Z,3,NA,bvre,temperature
2024-01-17T00:00:00Z,3,NA,bvre,temperature
2024-01-18T00:00:00Z,3,NA,bvre,temperature
2024-01-19T00:00:00Z,3,NA,bvre,temperature
2024-01-20T00:00:00Z,3,NA,bvre,temperature
2024-01-21T00:00:00Z,3,NA,bvre,temperature
2024-01-22T00:00:00Z,3,NA,bvre,temperature
2024-01-23T00:00:00Z,3,NA,bvre,temperature
2024-01-24T00:00:00Z,3,NA,bvre,temperature
2024-01-25T00:00:00Z,3,NA,bvre,temperature
2024-01-26T00:00:00Z,3,NA,bvre,temperature
2024-01-27T00:00:00Z,3,NA,bvre,temperature
2024-01-28T00:00:00Z,3,NA,bvre,temperature
2024-01-29T00:00:00Z,3,NA,bvre,temperature
2024-01-30T00:00:00Z,3,NA,bvre,temperature
2024-01-31T00:00:00Z,3,NA,bvre,temperature
2024-02-01T00:00:00Z,3,NA,bvre,temperature
2024-02-02T00:00:00Z,3,NA,bvre,temperature
2024-02-03T00:00:00Z,3,NA,bvre,temperature
2024-02-04T00:00:00Z,3,NA,bvre,temperature
2024-02-05T00:00:00Z,3,NA,bvre,temperature
2024-02-06T00:00:00Z,3,NA,bvre,temperature
2024-02-07T00:00:00Z,3,NA,bvre,temperature
2024-02-08T00:00:00Z,3,NA,bvre,temperature
2024-02-09T00:00:00Z,3,NA,bvre,temperature
2024-02-10T00:00:00Z,3,NA,bvre,temperature
2024-02-11T00:00:00Z,3,NA,bvre,temperature
2024-02-12T00:00:00Z,3,NA,bvre,temperature
2024-02-13T00:00:00Z,3,NA,bvre,temperature
2024-02-14T00:00:00Z,3,NA,bvre,temperature
2024-02-15T00:00:00Z,3,NA,bvre,temperature
2024-02-16T00:00:00Z,3,NA,bvre,temperature
2024-02-17T00:00:00Z,3,NA,bvre,temperature
2024-02-18T00:00:00Z,3,NA,bvre,temperature
2024-02-19T00:00:00Z,3,NA,bvre,temperature
2024-02-20T00:00:00Z,3,NA,bvre,temperature
2024-02-21T00:00:00Z,3,NA,bvre,temperature
2024-02-22T00:00:00Z,3,NA,bvre,temperature
2024-02-23T00:00:00Z,3,NA,bvre,temperature
2024-02-24T00:00:00Z,3,NA,bvre,temperature
2024-02-25T00:00:00Z,3,NA,bvre,temperature
2024-02-26T00:00:00Z,3,NA,bvre,temperature
2024-02-27T00:00:00Z,3,NA,bvre,temperature
2024-02-28T00:00:00Z,3,NA,bvre,temperature
2024-02-29T00:00:00Z,3,NA,bvre,temperature
2024-03-01T00:00:00Z,3,NA,bvre,temperature
2024-03-02T00:00:00Z,3,NA,bvre,temperature
2024-03-03T00:00:00Z,3,NA,bvre,temperature
2024-03-04T00:00:00Z,3,NA,bvre,temperature
2024-03-05T00:00:00Z,3,NA,bvre,temperature
2024-03-06T00:00:00Z,3,NA,bvre,temperature
2024-03-07T00:00:00Z,3,NA,bvre,temperature
2024-03-08T00:00:00Z,3,NA,bvre,temperature
2024-03-09T00:00:00Z,3,NA,bvre,temperature
2024-03-10T00:00:00Z,3,NA,bvre,temperature
2024-03-11T00:00:00Z,3,NA,bvre,temperature
2024-03-12T00:00:00Z,3,NA,bvre,temperature
2024-03-13T00:00:00Z,3,NA,bvre,temperature
2024-03-14T00:00:00Z,3,NA,bvre,temperature
2024-03-15T00:00:00Z,3,NA,bvre,temperature
2024-03-16T00:00:00Z,3,NA,bvre,temperature
2024-03-17T00:00:00Z,3,NA,bvre,temperature
2024-03-18T00:00:00Z,3,NA,bvre,temperature
2024-03-19T00:00:00Z,3,NA,bvre,temperature
2024-03-20T00:00:00Z,3,NA,bvre,temperature
2024-03-21T00:00:00Z,3,NA,bvre,temperature
2024-03-22T00:00:00Z,3,NA,bvre,temperature
2024-03-23T00:00:00Z,3,NA,bvre,temperature
2024-03-24T00:00:00Z,3,NA,bvre,temperature
2024-03-25T00:00:00Z,3,NA,bvre,temperature
2024-03-26T00:00:00Z,3,NA,bvre,temperature
2024-03-27T00:00:00Z,3,NA,bvre,temperature
2024-03-28T00:00:00Z,3,NA,bvre,temperature
2024-03-29T00:00:00Z,3,NA,bvre,temperature
2024-03-30T00:00:00Z,3,NA,bvre,temperature
2024-03-31T00:00:00Z,3,NA,bvre,temperature
2024-04-01T00:00:00Z,3,NA,bvre,temperature
2024-04-02T00:00:00Z,3,NA,bvre,temperature
2024-04-03T00:00:00Z,3,NA,bvre,temperature
2024-04-04T00:00:00Z,3,NA,bvre,temperature
2024-04-05T00:00:00Z,3,NA,bvre,temperature
2024-04-06T00:00:00Z,3,NA,bvre,temperature
2024-04-07T00:00:00Z,3,NA,bvre,temperature
2024-04-08T00:00:00Z,3,NA,bvre,temperature
2024-04-09T00:00:00Z,3,NA,bvre,temperature
2024-04-10T00:00:00Z,3,NA,bvre,temperature
2024-04-11T00:00:00Z,3,NA,bvre,temperature
2024-04-12T00:00:00Z,3,NA,bvre,temperature
2024-04-13T00:00:00Z,3,NA,bvre,temperature
2024-04-14T00:00:00Z,3,NA,bvre,temperature
2024-04-15T00:00:00Z,3,NA,bvre,temperature
2024-04-16T00:00:00Z,3,NA,bvre,temperature
2024-04-17T00:00:00Z,3,NA,bvre,temperature
2024-04-18T00:00:00Z,3,NA,bvre,temperature
2024-04-19T00:00:00Z,3,NA,bvre,temperature
2024-04-20T00:00:00Z,3,NA,bvre,temperature
2024-04-21T00:00:00Z,3,NA,bvre,temperature
2024-04-22T00:00:00Z,3,NA,bvre,temperature
2024-04-23T00:00:00Z,3,NA,bvre,temperature
2024-04-24T00:00:00Z,3,NA,bvre,temperature
2024-04-25T00:00:00Z,3,NA,bvre,temperature
2024-04-26T00:00:00Z,3,NA,bvre,temperature
2024-04-27T00:00:00Z,3,NA,bvre,temperature
2024-04-28T00:00:00Z,3,NA,bvre,temperature
2024-04-29T00:00:00Z,3,NA,bvre,temperature
2024-04-30T00:00:00Z,3,NA,bvre,temperature
2024-05-01T00:00:00Z,3,NA,bvre,temperature
2024-05-02T00:00:00Z,3,NA,bvre,temperature
2024-05-03T00:00:00Z,3,NA,bvre,temperature
2024-05-04T00:00:00Z,3,NA,bvre,temperature
2024-05-05T00:00:00Z,3,NA,bvre,temperature
2024-05-06T00:00:00Z,3,NA,bvre,temperature
2024-05-07T00:00:00Z,3,NA,bvre,temperature
2024-05-08T00:00:00Z,3,NA,bvre,temperature
2024-05-09T00:00:00Z,3,NA,bvre,temperature
2024-05-10T00:00:00Z,3,NA,bvre,temperature
2024-05-11T00:00:00Z,3,NA,bvre,temperature
2024-05-12T00:00:00Z,3,NA,bvre,temperature
2024-05-13T00:00:00Z,3,NA,bvre,temperature
2024-05-14T00:00:00Z,3,NA,bvre,temperature
2024-05-15T00:00:00Z,3,NA,bvre,temperature
2024-05-16T00:00:00Z,3,20.987705416666667,bvre,temperature
2024-05-17T00:00:00Z,3,20.625999930555555,bvre,temperature
2024-05-18T00:00:00Z,3,19.912889097222223,bvre,temperature
2024-05-19T00:00:00Z,3,20.736342152777777,bvre,temperature
2024-05-20T00:00:00Z,3,22.33017277777778,bvre,temperature
2024-05-21T00:00:00Z,3,23.195413819444443,bvre,temperature
2024-05-22T00:00:00Z,3,25.26166673611111,bvre,temperature
2024-05-23T00:00:00Z,3,25.32491125,bvre,temperature
2024-05-24T00:00:00Z,3,25.668623472222222,bvre,temperature
2024-05-25T00:00:00Z,3,26.050272916666668,bvre,temperature
2024-05-26T00:00:00Z,3,25.201483819444444,bvre,temperature
2024-05-27T00:00:00Z,3,25.026445972222223,bvre,temperature
2024-05-28T00:00:00Z,3,24.951405277777777,bvre,temperature
2024-05-29T00:00:00Z,3,24.321080277777774,bvre,temperature
2024-05-30T00:00:00Z,3,23.384544375,bvre,temperature
2024-05-31T00:00:00Z,3,23.159275555555556,bvre,temperature
2024-06-01T00:00:00Z,3,22.791841597222223,bvre,temperature
2024-06-02T00:00:00Z,3,22.034570902777777,bvre,temperature
2024-06-03T00:00:00Z,3,23.770759930555556,bvre,temperature
2024-06-04T00:00:00Z,3,24.531175416666667,bvre,temperature
2024-06-05T00:00:00Z,3,24.12022347222222,bvre,temperature
2024-06-06T00:00:00Z,3,24.756005694444443,bvre,temperature
2024-06-07T00:00:00Z,3,25.070687916666667,bvre,temperature
2024-06-08T00:00:00Z,3,25.168898055555555,bvre,temperature
2024-06-09T00:00:00Z,3,24.81877194444445,bvre,temperature
2024-06-10T00:00:00Z,3,NA,bvre,temperature
2024-06-11T00:00:00Z,3,NA,bvre,temperature
2024-06-12T00:00:00Z,3,NA,bvre,temperature
2024-06-13T00:00:00Z,3,NA,bvre,temperature
2024-06-14T00:00:00Z,3,NA,bvre,temperature
2024-06-15T00:00:00Z,3,NA,bvre,temperature
2024-06-16T00:00:00Z,3,NA,bvre,temperature
2024-06-17T00:00:00Z,3,NA,bvre,temperature
2024-06-18T00:00:00Z,3,NA,bvre,temperature
2024-06-19T00:00:00Z,3,NA,bvre,temperature
2024-06-20T00:00:00Z,3,NA,bvre,temperature
2024-06-21T00:00:00Z,3,NA,bvre,temperature
2024-06-22T00:00:00Z,3,NA,bvre,temperature
2024-06-23T00:00:00Z,3,NA,bvre,temperature
2024-06-24T00:00:00Z,3,NA,bvre,temperature
2024-06-25T00:00:00Z,3,NA,bvre,temperature
2024-06-26T00:00:00Z,3,NA,bvre,temperature
2024-06-27T00:00:00Z,3,NA,bvre,temperature
2024-06-28T00:00:00Z,3,NA,bvre,temperature
2024-06-29T00:00:00Z,3,NA,bvre,temperature
2024-06-30T00:00:00Z,3,NA,bvre,temperature
2024-07-01T00:00:00Z,3,NA,bvre,temperature
2024-07-02T00:00:00Z,3,NA,bvre,temperature
2024-07-03T00:00:00Z,3,NA,bvre,temperature
2024-07-04T00:00:00Z,3,NA,bvre,temperature
2024-07-05T00:00:00Z,3,NA,bvre,temperature
2024-07-06T00:00:00Z,3,NA,bvre,temperature
2024-07-07T00:00:00Z,3,NA,bvre,temperature
2024-07-08T00:00:00Z,3,NA,bvre,temperature
2024-07-09T00:00:00Z,3,NA,bvre,temperature
2024-07-10T00:00:00Z,3,NA,bvre,temperature
2024-07-11T00:00:00Z,3,NA,bvre,temperature
2024-07-12T00:00:00Z,3,NA,bvre,temperature
2024-07-13T00:00:00Z,3,NA,bvre,temperature
2024-07-14T00:00:00Z,3,NA,bvre,temperature
2024-07-15T00:00:00Z,3,NA,bvre,temperature
2024-07-16T00:00:00Z,3,NA,bvre,temperature
2024-07-17T00:00:00Z,3,NA,bvre,temperature
2024-07-18T00:00:00Z,3,NA,bvre,temperature
2024-07-19T00:00:00Z,3,NA,bvre,temperature
2024-07-20T00:00:00Z,3,NA,bvre,temperature
2024-07-21T00:00:00Z,3,NA,bvre,temperature
2024-07-22T00:00:00Z,3,NA,bvre,temperature
2024-07-23T00:00:00Z,3,NA,bvre,temperature
2024-07-24T00:00:00Z,3,NA,bvre,temperature
2024-07-25T00:00:00Z,3,NA,bvre,temperature
2024-07-26T00:00:00Z,3,NA,bvre,temperature
2024-07-27T00:00:00Z,3,NA,bvre,temperature
2024-07-28T00:00:00Z,3,NA,bvre,temperature
2024-07-29T00:00:00Z,3,NA,bvre,temperature
2024-07-30T00:00:00Z,3,NA,bvre,temperature
2024-07-31T00:00:00Z,3,NA,bvre,temperature
2024-08-01T00:00:00Z,3,NA,bvre,temperature
2024-08-02T00:00:00Z,3,NA,bvre,temperature
2024-08-03T00:00:00Z,3,NA,bvre,temperature
2024-08-04T00:00:00Z,3,NA,bvre,temperature
2024-08-05T00:00:00Z,3,NA,bvre,temperature
2024-08-06T00:00:00Z,3,NA,bvre,temperature
2024-08-07T00:00:00Z,3,NA,bvre,temperature
2024-08-08T00:00:00Z,3,NA,bvre,temperature
2024-08-09T00:00:00Z,3,NA,bvre,temperature
2024-08-10T00:00:00Z,3,NA,bvre,temperature
2024-08-11T00:00:00Z,3,NA,bvre,temperature
2024-08-12T00:00:00Z,3,NA,bvre,temperature
2024-08-13T00:00:00Z,3,NA,bvre,temperature
2024-08-14T00:00:00Z,3,NA,bvre,temperature
2024-08-15T00:00:00Z,3,NA,bvre,temperature
2024-08-16T00:00:00Z,3,NA,bvre,temperature
2024-08-17T00:00:00Z,3,NA,bvre,temperature
2024-08-18T00:00:00Z,3,NA,bvre,temperature
2024-08-19T00:00:00Z,3,NA,bvre,temperature
2024-08-20T00:00:00Z,3,NA,bvre,temperature
2024-08-21T00:00:00Z,3,NA,bvre,temperature
2024-08-22T00:00:00Z,3,NA,bvre,temperature
2024-08-23T00:00:00Z,3,NA,bvre,temperature
2024-08-24T00:00:00Z,3,NA,bvre,temperature
2024-08-25T00:00:00Z,3,NA,bvre,temperature
2024-08-26T00:00:00Z,3,NA,bvre,temperature
2024-08-27T00:00:00Z,3,NA,bvre,temperature
2024-08-28T00:00:00Z,3,NA,bvre,temperature
2024-08-29T00:00:00Z,3,NA,bvre,temperature
2024-08-30T00:00:00Z,3,NA,bvre,temperature
2024-08-31T00:00:00Z,3,NA,bvre,temperature
2024-09-01T00:00:00Z,3,NA,bvre,temperature
2024-09-02T00:00:00Z,3,NA,bvre,temperature
2024-09-03T00:00:00Z,3,NA,bvre,temperature
2024-09-04T00:00:00Z,3,NA,bvre,temperature
2024-09-05T00:00:00Z,3,NA,bvre,temperature
2024-09-06T00:00:00Z,3,NA,bvre,temperature
2024-09-07T00:00:00Z,3,NA,bvre,temperature
2024-09-08T00:00:00Z,3,NA,bvre,temperature
2024-09-09T00:00:00Z,3,NA,bvre,temperature
2024-09-10T00:00:00Z,3,NA,bvre,temperature
2024-09-11T00:00:00Z,3,NA,bvre,temperature
2024-09-12T00:00:00Z,3,NA,bvre,temperature
2024-09-13T00:00:00Z,3,NA,bvre,temperature
2024-09-14T00:00:00Z,3,NA,bvre,temperature
2024-09-15T00:00:00Z,3,NA,bvre,temperature
2024-09-16T00:00:00Z,3,NA,bvre,temperature
2024-09-17T00:00:00Z,3,NA,bvre,temperature
2024-09-18T00:00:00Z,3,NA,bvre,temperature
2024-09-19T00:00:00Z,3,NA,bvre,temperature
2024-09-20T00:00:00Z,3,NA,bvre,temperature
2024-09-21T00:00:00Z,3,NA,bvre,temperature
2024-09-22T00:00:00Z,3,NA,bvre,temperature
2024-09-23T00:00:00Z,3,NA,bvre,temperature
2024-09-24T00:00:00Z,3,NA,bvre,temperature
2024-09-25T00:00:00Z,3,NA,bvre,temperature
2024-09-26T00:00:00Z,3,NA,bvre,temperature
2024-09-27T00:00:00Z,3,NA,bvre,temperature
2024-09-28T00:00:00Z,3,NA,bvre,temperature
2024-09-29T00:00:00Z,3,NA,bvre,temperature
2024-09-30T00:00:00Z,3,NA,bvre,temperature
2024-10-01T00:00:00Z,3,NA,bvre,temperature
2024-10-02T00:00:00Z,3,NA,bvre,temperature
2024-10-03T00:00:00Z,3,NA,bvre,temperature
2024-10-04T00:00:00Z,3,NA,bvre,temperature
2024-10-05T00:00:00Z,3,NA,bvre,temperature
2024-10-06T00:00:00Z,3,NA,bvre,temperature
2024-10-07T00:00:00Z,3,NA,bvre,temperature
2024-10-08T00:00:00Z,3,NA,bvre,temperature
2024-10-09T00:00:00Z,3,NA,bvre,temperature
2024-10-10T00:00:00Z,3,NA,bvre,temperature
2024-10-11T00:00:00Z,3,NA,bvre,temperature
2024-10-12T00:00:00Z,3,NA,bvre,temperature
2024-10-13T00:00:00Z,3,NA,bvre,temperature
2024-10-14T00:00:00Z,3,NA,bvre,temperature
2024-10-15T00:00:00Z,3,NA,bvre,temperature
2024-10-16T00:00:00Z,3,NA,bvre,temperature
2024-10-17T00:00:00Z,3,NA,bvre,temperature
2024-10-18T00:00:00Z,3,NA,bvre,temperature
2024-10-19T00:00:00Z,3,NA,bvre,temperature
2024-10-20T00:00:00Z,3,NA,bvre,temperature
2024-10-21T00:00:00Z,3,NA,bvre,temperature
2024-10-22T00:00:00Z,3,NA,bvre,temperature
2024-10-23T00:00:00Z,3,NA,bvre,temperature
2024-10-24T00:00:00Z,3,NA,bvre,temperature
2024-10-25T00:00:00Z,3,NA,bvre,temperature
2024-10-26T00:00:00Z,3,NA,bvre,temperature
2024-10-27T00:00:00Z,3,NA,bvre,temperature
2024-10-28T00:00:00Z,3,NA,bvre,temperature
2024-10-29T00:00:00Z,3,NA,bvre,temperature
2024-10-30T00:00:00Z,3,NA,bvre,temperature
2024-10-31T00:00:00Z,3,NA,bvre,temperature
2024-11-01T00:00:00Z,3,NA,bvre,temperature
2024-11-02T00:00:00Z,3,NA,bvre,temperature
2024-11-03T00:00:00Z,3,NA,bvre,temperature
2024-11-04T00:00:00Z,3,NA,bvre,temperature
2024-11-05T00:00:00Z,3,NA,bvre,temperature
2024-11-06T00:00:00Z,3,NA,bvre,temperature
2024-11-07T00:00:00Z,3,NA,bvre,temperature
2024-11-08T00:00:00Z,3,NA,bvre,temperature
2024-11-09T00:00:00Z,3,NA,bvre,temperature
2024-11-10T00:00:00Z,3,NA,bvre,temperature
2024-11-11T00:00:00Z,3,NA,bvre,temperature
2024-11-12T00:00:00Z,3,NA,bvre,temperature
2024-11-13T00:00:00Z,3,NA,bvre,temperature
2024-11-14T00:00:00Z,3,NA,bvre,temperature
2024-11-15T00:00:00Z,3,12.671961875,bvre,temperature
2024-11-16T00:00:00Z,3,12.388706875,bvre,temperature
2024-11-17T00:00:00Z,3,12.351071666666666,bvre,temperature
2024-11-18T00:00:00Z,3,12.289428055555556,bvre,temperature
2024-11-19T00:00:00Z,3,NA,bvre,temperature
2024-11-20T00:00:00Z,3,12.752078541666666,bvre,temperature
2024-11-21T00:00:00Z,3,11.603707777777778,bvre,temperature
2024-11-22T00:00:00Z,3,10.625530416666669,bvre,temperature
2024-11-23T00:00:00Z,3,9.87541113888889,bvre,temperature
2024-11-24T00:00:00Z,3,9.599118326388888,bvre,temperature
2024-11-25T00:00:00Z,3,9.752897138888889,bvre,temperature
2024-11-26T00:00:00Z,3,9.781558,bvre,temperature
2024-11-27T00:00:00Z,3,9.382352388888888,bvre,temperature
2024-11-28T00:00:00Z,3,9.14246598611111,bvre,temperature
2024-11-29T00:00:00Z,3,8.671632763888889,bvre,temperature
2024-11-30T00:00:00Z,3,7.851079743055555,bvre,temperature
2024-12-01T00:00:00Z,3,7.3192784444444445,bvre,temperature
2024-12-02T00:00:00Z,3,6.546443902777778,bvre,temperature
2024-12-03T00:00:00Z,3,NA,bvre,temperature
2024-12-04T00:00:00Z,3,5.258466270833333,bvre,temperature
2024-12-05T00:00:00Z,3,4.916994708333333,bvre,temperature
2024-12-06T00:00:00Z,3,3.998096180555556,bvre,temperature
2024-12-07T00:00:00Z,3,3.4021983055555554,bvre,temperature
2024-12-08T00:00:00Z,3,3.39828,bvre,temperature
2024-12-09T00:00:00Z,3,3.700535159722222,bvre,temperature
2024-12-10T00:00:00Z,3,3.7842855763888887,bvre,temperature
2024-12-11T00:00:00Z,3,4.241847097222222,bvre,temperature
2024-12-12T00:00:00Z,3,3.953561958333333,bvre,temperature
2024-12-13T00:00:00Z,3,3.723472958333333,bvre,temperature
2024-12-14T00:00:00Z,3,3.819229715277778,bvre,temperature
2024-12-15T00:00:00Z,3,3.7160196875,bvre,temperature
2024-12-16T00:00:00Z,3,NA,bvre,temperature
2024-12-17T00:00:00Z,3,NA,bvre,temperature
2024-12-18T00:00:00Z,3,NA,bvre,temperature
2024-12-19T00:00:00Z,3,NA,bvre,temperature
2024-12-20T00:00:00Z,3,NA,bvre,temperature
2024-12-21T00:00:00Z,3,NA,bvre,temperature
2024-12-22T00:00:00Z,3,NA,bvre,temperature
2024-12-23T00:00:00Z,3,NA,bvre,temperature
2024-12-24T00:00:00Z,3,NA,bvre,temperature
2024-12-25T00:00:00Z,3,NA,bvre,temperature
2024-12-26T00:00:00Z,3,NA,bvre,temperature
2024-12-27T00:00:00Z,3,NA,bvre,temperature
2024-12-28T00:00:00Z,3,NA,bvre,temperature
2024-12-29T00:00:00Z,3,NA,bvre,temperature
2024-12-30T00:00:00Z,3,NA,bvre,temperature
2024-12-31T00:00:00Z,3,NA,bvre,temperature
