datetime,site_id,depth,observation,variable
2017-10-11T00:00:00Z,LIRO,0,14.683170731707316,temperature
2017-10-12T00:00:00Z,LIRO,0,14.365208333333332,temperature
2017-10-13T00:00:00Z,LIRO,0,14.107916666666666,temperature
2017-10-14T00:00:00Z,LIRO,0,13.650625,temperature
2017-10-15T00:00:00Z,LIRO,0,13.0675,temperature
2017-10-16T00:00:00Z,LIRO,0,12.495833333333334,temperature
2017-10-17T00:00:00Z,LIRO,0,12.296875,temperature
2017-10-18T00:00:00Z,LIRO,0,12.26625,temperature
2017-10-19T00:00:00Z,LIRO,0,12.130416666666669,temperature
2017-10-20T00:00:00Z,LIRO,0,12.104375,temperature
2017-10-21T00:00:00Z,LIRO,0,12.453333333333331,temperature
2017-10-22T00:00:00Z,LIRO,0,12.81,temperature
2017-10-23T00:00:00Z,LIRO,0,12.195714285714288,temperature
2017-11-10T00:00:00Z,LIRO,0,3.0723076923076924,temperature
2017-11-11T00:00:00Z,LIRO,0,2.721041666666667,temperature
2017-11-12T00:00:00Z,LIRO,0,2.0910416666666665,temperature
2017-11-13T00:00:00Z,LIRO,0,1.42125,temperature
2018-07-10T00:00:00Z,LIRO,0,26.864857142857144,temperature
2018-07-11T00:00:00Z,LIRO,0,25.767916666666668,temperature
2018-07-12T00:00:00Z,LIRO,0,24.982708333333335,temperature
2018-07-13T00:00:00Z,LIRO,0,24.815833333333337,temperature
2018-07-14T00:00:00Z,LIRO,0,26.532083333333333,temperature
2018-07-15T00:00:00Z,LIRO,0,26.981875,temperature
2018-07-16T00:00:00Z,LIRO,0,26.25851063829787,temperature
2018-07-17T00:00:00Z,LIRO,0,25.267714285714284,temperature
2018-07-18T00:00:00Z,LIRO,0,25.314375,temperature
2018-07-19T00:00:00Z,LIRO,0,25.436458333333334,temperature
2018-07-20T00:00:00Z,LIRO,0,24.920208333333335,temperature
2018-07-21T00:00:00Z,LIRO,0,23.332083333333333,temperature
2018-07-22T00:00:00Z,LIRO,0,22.777291666666667,temperature
2018-07-23T00:00:00Z,LIRO,0,23.517083333333332,temperature
2018-07-24T00:00:00Z,LIRO,0,24.4275,temperature
2018-07-25T00:00:00Z,LIRO,0,24.239767441860465,temperature
2018-07-26T00:00:00Z,LIRO,0,23.277083333333337,temperature
2018-07-27T00:00:00Z,LIRO,0,22.566041666666667,temperature
2018-07-28T00:00:00Z,LIRO,0,22.636875,temperature
2018-07-29T00:00:00Z,LIRO,0,23.05291666666667,temperature
2018-07-30T00:00:00Z,LIRO,0,23.4225,temperature
2018-07-31T00:00:00Z,LIRO,0,24.24,temperature
2018-08-01T00:00:00Z,LIRO,0,24.032083333333333,temperature
2018-08-02T00:00:00Z,LIRO,0,22.543953488372093,temperature
2018-08-03T00:00:00Z,LIRO,0,21.850416666666668,temperature
2018-08-04T00:00:00Z,LIRO,0,22.008125,temperature
2018-08-05T00:00:00Z,LIRO,0,22.381875,temperature
2018-08-06T00:00:00Z,LIRO,0,23.41625,temperature
2018-08-07T00:00:00Z,LIRO,0,23.502708333333334,temperature
2018-08-08T00:00:00Z,LIRO,0,23.924222222222223,temperature
2018-08-09T00:00:00Z,LIRO,0,24.692291666666662,temperature
2018-08-10T00:00:00Z,LIRO,0,24.948958333333337,temperature
2018-08-11T00:00:00Z,LIRO,0,25.31875,temperature
2018-08-12T00:00:00Z,LIRO,0,26.066875,temperature
2018-08-13T00:00:00Z,LIRO,0,26.280833333333337,temperature
2018-08-14T00:00:00Z,LIRO,0,26.218958333333333,temperature
2018-08-15T00:00:00Z,LIRO,0,25.94,temperature
2018-08-16T00:00:00Z,LIRO,0,26.093958333333333,temperature
2018-08-17T00:00:00Z,LIRO,0,25.880625,temperature
2018-08-18T00:00:00Z,LIRO,0,25.175833333333333,temperature
2018-08-19T00:00:00Z,LIRO,0,24.8525,temperature
2018-08-20T00:00:00Z,LIRO,0,24.600625,temperature
2018-08-21T00:00:00Z,LIRO,0,23.751666666666665,temperature
2018-08-22T00:00:00Z,LIRO,0,23.057083333333335,temperature
2018-08-23T00:00:00Z,LIRO,0,22.74375,temperature
2018-08-24T00:00:00Z,LIRO,0,22.287083333333335,temperature
2018-08-25T00:00:00Z,LIRO,0,21.869166666666665,temperature
2018-08-26T00:00:00Z,LIRO,0,22.07,temperature
2018-08-27T00:00:00Z,LIRO,0,22.294166666666666,temperature
2018-08-28T00:00:00Z,LIRO,0,22.38978723404255,temperature
2018-08-29T00:00:00Z,LIRO,0,21.66375,temperature
2018-08-30T00:00:00Z,LIRO,0,21.265416666666667,temperature
2018-08-31T00:00:00Z,LIRO,0,21.383125,temperature
2018-09-01T00:00:00Z,LIRO,0,21.907708333333332,temperature
2018-09-02T00:00:00Z,LIRO,0,22.300416666666667,temperature
2018-09-03T00:00:00Z,LIRO,0,22.143541666666668,temperature
2018-09-04T00:00:00Z,LIRO,0,22.328333333333333,temperature
2018-09-05T00:00:00Z,LIRO,0,21.923125,temperature
2018-09-06T00:00:00Z,LIRO,0,21.324166666666667,temperature
2018-09-07T00:00:00Z,LIRO,0,21.083541666666665,temperature
2018-09-08T00:00:00Z,LIRO,0,20.892291666666665,temperature
2018-09-09T00:00:00Z,LIRO,0,20.534791666666667,temperature
2018-09-10T00:00:00Z,LIRO,0,20.377083333333335,temperature
2018-09-11T00:00:00Z,LIRO,0,20.515625,temperature
2018-09-12T00:00:00Z,LIRO,0,20.676666666666662,temperature
2018-09-13T00:00:00Z,LIRO,0,20.918333333333333,temperature
2018-09-14T00:00:00Z,LIRO,0,21.495416666666667,temperature
2018-09-15T00:00:00Z,LIRO,0,22.27375,temperature
2018-09-16T00:00:00Z,LIRO,0,23.019166666666667,temperature
2018-09-17T00:00:00Z,LIRO,0,22.878125,temperature
2018-09-18T00:00:00Z,LIRO,0,21.654166666666665,temperature
2018-09-19T00:00:00Z,LIRO,0,20.425208333333337,temperature
2018-09-20T00:00:00Z,LIRO,0,19.695,temperature
2018-09-21T00:00:00Z,LIRO,0,19.018125,temperature
2018-09-22T00:00:00Z,LIRO,0,18.126041666666666,temperature
2018-09-23T00:00:00Z,LIRO,0,18.011041666666667,temperature
2018-09-24T00:00:00Z,LIRO,0,17.871041666666667,temperature
2018-09-25T00:00:00Z,LIRO,0,17.7625,temperature
2018-09-26T00:00:00Z,LIRO,0,17.046458333333334,temperature
2018-09-27T00:00:00Z,LIRO,0,16.248125,temperature
2018-09-28T00:00:00Z,LIRO,0,15.625833333333333,temperature
2018-09-29T00:00:00Z,LIRO,0,14.814166666666669,temperature
2018-09-30T00:00:00Z,LIRO,0,14.213958333333334,temperature
2018-10-01T00:00:00Z,LIRO,0,13.781875,temperature
2018-10-02T00:00:00Z,LIRO,0,13.446458333333334,temperature
2018-10-03T00:00:00Z,LIRO,0,13.352708333333334,temperature
2018-10-04T00:00:00Z,LIRO,0,13.293541666666666,temperature
2018-10-05T00:00:00Z,LIRO,0,12.632708333333332,temperature
2018-10-06T00:00:00Z,LIRO,0,12.1225,temperature
2018-10-07T00:00:00Z,LIRO,0,11.789583333333333,temperature
2018-10-08T00:00:00Z,LIRO,0,11.557916666666667,temperature
2018-10-09T00:00:00Z,LIRO,0,11.442708333333334,temperature
2018-10-10T00:00:00Z,LIRO,0,10.98625,temperature
2018-10-11T00:00:00Z,LIRO,0,10.636666666666668,temperature
2018-10-12T00:00:00Z,LIRO,0,9.939791666666666,temperature
2018-10-13T00:00:00Z,LIRO,0,9.190208333333333,temperature
2018-10-14T00:00:00Z,LIRO,0,8.886458333333334,temperature
2018-10-15T00:00:00Z,LIRO,0,8.405416666666667,temperature
2018-10-16T00:00:00Z,LIRO,0,8.009791666666667,temperature
2018-10-17T00:00:00Z,LIRO,0,7.672083333333333,temperature
2018-10-18T00:00:00Z,LIRO,0,7.274375,temperature
2018-10-19T00:00:00Z,LIRO,0,7.398125,temperature
2018-10-20T00:00:00Z,LIRO,0,7.167291666666666,temperature
2018-10-21T00:00:00Z,LIRO,0,6.799166666666666,temperature
2018-10-22T00:00:00Z,LIRO,0,6.65125,temperature
2018-10-23T00:00:00Z,LIRO,0,6.592708333333333,temperature
2018-10-24T00:00:00Z,LIRO,0,6.442083333333334,temperature
2018-10-25T00:00:00Z,LIRO,0,6.545833333333333,temperature
2018-10-26T00:00:00Z,LIRO,0,6.688125,temperature
2018-10-27T00:00:00Z,LIRO,0,6.851875,temperature
2018-10-28T00:00:00Z,LIRO,0,6.817291666666667,temperature
2018-10-29T00:00:00Z,LIRO,0,6.757916666666667,temperature
2018-10-30T00:00:00Z,LIRO,0,6.56875,temperature
2018-10-31T00:00:00Z,LIRO,0,6.454791666666667,temperature
2018-11-01T00:00:00Z,LIRO,0,6.198958333333334,temperature
2019-04-29T00:00:00Z,LIRO,0,5.89,temperature
2019-04-30T00:00:00Z,LIRO,0,6.5512500000000005,temperature
2019-05-01T00:00:00Z,LIRO,0,6.243333333333333,temperature
2019-05-02T00:00:00Z,LIRO,0,6.206666666666667,temperature
2019-05-03T00:00:00Z,LIRO,0,7.1206249999999995,temperature
2019-05-04T00:00:00Z,LIRO,0,9.319583333333334,temperature
2019-05-05T00:00:00Z,LIRO,0,10.812916666666666,temperature
2019-05-06T00:00:00Z,LIRO,0,11.318958333333333,temperature
2019-05-07T00:00:00Z,LIRO,0,11.359583333333331,temperature
2019-05-08T00:00:00Z,LIRO,0,11.6225,temperature
2019-05-09T00:00:00Z,LIRO,0,10.125833333333333,temperature
2019-05-10T00:00:00Z,LIRO,0,9.403541666666667,temperature
2019-05-11T00:00:00Z,LIRO,0,9.7525,temperature
2019-05-12T00:00:00Z,LIRO,0,10.680833333333334,temperature
2019-05-13T00:00:00Z,LIRO,0,11.741875,temperature
2019-05-14T00:00:00Z,LIRO,0,13.042916666666668,temperature
2019-05-15T00:00:00Z,LIRO,0,14.277708333333331,temperature
2019-05-16T00:00:00Z,LIRO,0,15.525416666666668,temperature
2019-05-17T00:00:00Z,LIRO,0,15.261458333333334,temperature
2019-05-18T00:00:00Z,LIRO,0,14.840208333333331,temperature
2019-05-19T00:00:00Z,LIRO,0,12.631666666666666,temperature
2019-05-20T00:00:00Z,LIRO,0,11.613958333333333,temperature
2019-05-21T00:00:00Z,LIRO,0,12.52,temperature
2019-05-22T00:00:00Z,LIRO,0,13.003125,temperature
2019-05-23T00:00:00Z,LIRO,0,12.979583333333334,temperature
2019-05-24T00:00:00Z,LIRO,0,12.803958333333334,temperature
2019-05-25T00:00:00Z,LIRO,0,13.554166666666667,temperature
2019-05-26T00:00:00Z,LIRO,0,15.458125,temperature
2019-05-27T00:00:00Z,LIRO,0,15.7075,temperature
2019-05-28T00:00:00Z,LIRO,0,14.781875,temperature
2019-05-29T00:00:00Z,LIRO,0,15.456458333333334,temperature
2019-05-30T00:00:00Z,LIRO,0,16.479791666666667,temperature
2019-05-31T00:00:00Z,LIRO,0,17.764583333333334,temperature
2019-06-01T00:00:00Z,LIRO,0,18.25125,temperature
2019-06-02T00:00:00Z,LIRO,0,17.73375,temperature
2019-06-03T00:00:00Z,LIRO,0,17.346458333333334,temperature
2019-06-04T00:00:00Z,LIRO,0,17.635,temperature
2019-06-05T00:00:00Z,LIRO,0,19.14125,temperature
2019-06-06T00:00:00Z,LIRO,0,19.782916666666665,temperature
2019-06-07T00:00:00Z,LIRO,0,21.485416666666666,temperature
2019-06-08T00:00:00Z,LIRO,0,22.446875,temperature
2019-06-09T00:00:00Z,LIRO,0,22.758541666666662,temperature
2019-06-10T00:00:00Z,LIRO,0,21.541777777777774,temperature
2019-06-11T00:00:00Z,LIRO,0,20.992291666666667,temperature
2019-06-12T00:00:00Z,LIRO,0,20.632291666666667,temperature
2019-06-13T00:00:00Z,LIRO,0,19.740208333333335,temperature
2019-06-14T00:00:00Z,LIRO,0,19.191458333333333,temperature
2019-06-15T00:00:00Z,LIRO,0,18.88,temperature
2019-06-16T00:00:00Z,LIRO,0,19.851041666666667,temperature
2019-06-17T00:00:00Z,LIRO,0,20.50958333333333,temperature
2019-06-18T00:00:00Z,LIRO,0,21.169583333333332,temperature
2019-06-19T00:00:00Z,LIRO,0,20.864166666666662,temperature
2019-06-20T00:00:00Z,LIRO,0,21.234791666666663,temperature
2019-06-21T00:00:00Z,LIRO,0,21.398333333333333,temperature
2019-06-22T00:00:00Z,LIRO,0,21.934166666666663,temperature
2019-06-23T00:00:00Z,LIRO,0,21.924375,temperature
2019-06-24T00:00:00Z,LIRO,0,21.266041666666663,temperature
2019-06-25T00:00:00Z,LIRO,0,21.330833333333334,temperature
2019-06-26T00:00:00Z,LIRO,0,22.174375,temperature
2019-06-27T00:00:00Z,LIRO,0,22.959375,temperature
2019-06-28T00:00:00Z,LIRO,0,23.563958333333332,temperature
2019-06-29T00:00:00Z,LIRO,0,24.756458333333335,temperature
2019-06-30T00:00:00Z,LIRO,0,24.732916666666668,temperature
2019-07-01T00:00:00Z,LIRO,0,23.84375,temperature
2019-07-02T00:00:00Z,LIRO,0,24.50958333333333,temperature
2019-07-03T00:00:00Z,LIRO,0,25.86,temperature
2019-07-04T00:00:00Z,LIRO,0,26.477708333333332,temperature
2019-07-05T00:00:00Z,LIRO,0,26.316875,temperature
2019-07-06T00:00:00Z,LIRO,0,26.226041666666667,temperature
2019-07-07T00:00:00Z,LIRO,0,25.7925,temperature
2019-07-08T00:00:00Z,LIRO,0,25.92875,temperature
2019-07-09T00:00:00Z,LIRO,0,26.34875,temperature
2019-07-10T00:00:00Z,LIRO,0,26.4225,temperature
2019-07-11T00:00:00Z,LIRO,0,25.58625,temperature
2019-07-12T00:00:00Z,LIRO,0,25.363958333333333,temperature
2019-07-13T00:00:00Z,LIRO,0,26,temperature
2019-07-14T00:00:00Z,LIRO,0,25.875625,temperature
2019-07-15T00:00:00Z,LIRO,0,26.809791666666666,temperature
2019-07-16T00:00:00Z,LIRO,0,27.456666666666667,temperature
2019-07-18T00:00:00Z,LIRO,0,26.42923076923077,temperature
2019-07-19T00:00:00Z,LIRO,0,26.995208333333338,temperature
2019-07-20T00:00:00Z,LIRO,0,26.437708333333333,temperature
2019-07-21T00:00:00Z,LIRO,0,25.42375,temperature
2019-07-22T00:00:00Z,LIRO,0,24.922708333333333,temperature
2019-07-23T00:00:00Z,LIRO,0,24.666666666666668,temperature
2019-07-24T00:00:00Z,LIRO,0,25.133541666666662,temperature
2019-07-25T00:00:00Z,LIRO,0,25.406666666666663,temperature
2019-07-26T00:00:00Z,LIRO,0,24.816666666666663,temperature
2019-07-27T00:00:00Z,LIRO,0,24.886041666666667,temperature
2019-07-28T00:00:00Z,LIRO,0,25.304375,temperature
2019-07-29T00:00:00Z,LIRO,0,24.765208333333337,temperature
2019-07-30T00:00:00Z,LIRO,0,24.145208333333333,temperature
2019-07-31T00:00:00Z,LIRO,0,24.1175,temperature
2019-08-01T00:00:00Z,LIRO,0,24.399791666666665,temperature
2019-08-02T00:00:00Z,LIRO,0,24.995,temperature
2019-08-03T00:00:00Z,LIRO,0,26.3675,temperature
2019-08-04T00:00:00Z,LIRO,0,25.69860465116279,temperature
2019-08-05T00:00:00Z,LIRO,0,25.827708333333337,temperature
2019-08-06T00:00:00Z,LIRO,0,25.329583333333332,temperature
2019-08-07T00:00:00Z,LIRO,0,25.18522727272727,temperature
2019-08-08T00:00:00Z,LIRO,0,24.66604166666667,temperature
2019-08-09T00:00:00Z,LIRO,0,24.094791666666666,temperature
2019-08-10T00:00:00Z,LIRO,0,24.204583333333332,temperature
2019-08-11T00:00:00Z,LIRO,0,24.696666666666665,temperature
2019-08-12T00:00:00Z,LIRO,0,25.008125,temperature
2019-08-13T00:00:00Z,LIRO,0,24.263541666666665,temperature
2019-08-14T00:00:00Z,LIRO,0,23.49416666666667,temperature
2019-08-15T00:00:00Z,LIRO,0,23.428125,temperature
2019-08-16T00:00:00Z,LIRO,0,23.15125,temperature
2019-08-17T00:00:00Z,LIRO,0,23.199791666666663,temperature
2019-08-18T00:00:00Z,LIRO,0,23.444375,temperature
2019-08-19T00:00:00Z,LIRO,0,22.65125,temperature
2019-08-20T00:00:00Z,LIRO,0,22.604375,temperature
2019-08-21T00:00:00Z,LIRO,0,22.689375,temperature
2019-08-22T00:00:00Z,LIRO,0,22.108541666666667,temperature
2019-08-23T00:00:00Z,LIRO,0,21.664375,temperature
2019-08-24T00:00:00Z,LIRO,0,21.66875,temperature
2019-08-25T00:00:00Z,LIRO,0,21.47854166666667,temperature
2019-08-26T00:00:00Z,LIRO,0,21.139583333333334,temperature
2019-08-27T00:00:00Z,LIRO,0,20.801041666666663,temperature
2019-08-28T00:00:00Z,LIRO,0,20.142708333333335,temperature
2019-08-29T00:00:00Z,LIRO,0,19.364166666666662,temperature
2019-08-30T00:00:00Z,LIRO,0,19.099375,temperature
2019-08-31T00:00:00Z,LIRO,0,19.049583333333334,temperature
2019-09-01T00:00:00Z,LIRO,0,18.9075,temperature
2019-09-02T00:00:00Z,LIRO,0,19.216041666666666,temperature
2019-09-03T00:00:00Z,LIRO,0,19.210833333333333,temperature
2019-09-04T00:00:00Z,LIRO,0,18.937916666666663,temperature
2019-09-05T00:00:00Z,LIRO,0,18.585,temperature
2019-09-06T00:00:00Z,LIRO,0,18.157708333333332,temperature
2019-09-07T00:00:00Z,LIRO,0,18.028958333333332,temperature
2019-09-08T00:00:00Z,LIRO,0,17.610625,temperature
2019-09-09T00:00:00Z,LIRO,0,17.31586956521739,temperature
2019-09-10T00:00:00Z,LIRO,0,17.49375,temperature
2019-09-11T00:00:00Z,LIRO,0,17.958333333333332,temperature
2019-09-12T00:00:00Z,LIRO,0,16.98875,temperature
2019-09-13T00:00:00Z,LIRO,0,16.55625,temperature
2019-09-14T00:00:00Z,LIRO,0,16.761458333333334,temperature
2019-09-15T00:00:00Z,LIRO,0,17.3775,temperature
2019-09-16T00:00:00Z,LIRO,0,18.317083333333333,temperature
2019-09-17T00:00:00Z,LIRO,0,19.656458333333333,temperature
2019-09-18T00:00:00Z,LIRO,0,19.433333333333337,temperature
2019-09-19T00:00:00Z,LIRO,0,20.11,temperature
2019-09-20T00:00:00Z,LIRO,0,20.718125,temperature
2019-09-21T00:00:00Z,LIRO,0,21.04479166666667,temperature
2019-09-22T00:00:00Z,LIRO,0,20.691041666666667,temperature
2019-09-23T00:00:00Z,LIRO,0,19.909791666666667,temperature
2019-09-24T00:00:00Z,LIRO,0,19.319791666666667,temperature
2019-09-25T00:00:00Z,LIRO,0,19.375833333333333,temperature
2019-09-26T00:00:00Z,LIRO,0,18.373541666666668,temperature
2019-09-27T00:00:00Z,LIRO,0,17.636666666666667,temperature
2019-09-28T00:00:00Z,LIRO,0,17.074166666666667,temperature
2019-09-29T00:00:00Z,LIRO,0,16.494166666666665,temperature
2019-09-30T00:00:00Z,LIRO,0,16.077083333333334,temperature
2019-10-01T00:00:00Z,LIRO,0,16.644791666666666,temperature
2019-10-02T00:00:00Z,LIRO,0,15.584166666666668,temperature
2019-10-03T00:00:00Z,LIRO,0,14.886875,temperature
2019-10-04T00:00:00Z,LIRO,0,14.318958333333333,temperature
2019-10-05T00:00:00Z,LIRO,0,13.692708333333334,temperature
2020-06-16T00:00:00Z,LIRO,0,21.77428571428571,temperature
2020-06-17T00:00:00Z,LIRO,0,21.762285714285714,temperature
2020-06-18T00:00:00Z,LIRO,0,22.678958333333338,temperature
2020-06-19T00:00:00Z,LIRO,0,23.158541666666668,temperature
2020-06-20T00:00:00Z,LIRO,0,22.612291666666668,temperature
2020-06-21T00:00:00Z,LIRO,0,22.509375,temperature
2020-06-22T00:00:00Z,LIRO,0,22.710416666666667,temperature
2020-06-23T00:00:00Z,LIRO,0,22.16,temperature
2020-06-24T00:00:00Z,LIRO,0,21.5625,temperature
2020-06-25T00:00:00Z,LIRO,0,22.032708333333332,temperature
2020-06-26T00:00:00Z,LIRO,0,22.892916666666668,temperature
2020-06-27T00:00:00Z,LIRO,0,23.843958333333333,temperature
2020-06-28T00:00:00Z,LIRO,0,24.651041666666668,temperature
2020-06-29T00:00:00Z,LIRO,0,24.950208333333332,temperature
2020-06-30T00:00:00Z,LIRO,0,25.28729166666667,temperature
2020-07-01T00:00:00Z,LIRO,0,26.978125,temperature
2020-07-02T00:00:00Z,LIRO,0,27.605208333333337,temperature
2020-07-03T00:00:00Z,LIRO,0,27.628125,temperature
2020-07-04T00:00:00Z,LIRO,0,28.35333333333333,temperature
2020-07-05T00:00:00Z,LIRO,0,28.734375,temperature
2020-07-06T00:00:00Z,LIRO,0,28.631041666666665,temperature
2020-07-07T00:00:00Z,LIRO,0,28.46875,temperature
2020-07-08T00:00:00Z,LIRO,0,28.301666666666662,temperature
2020-07-09T00:00:00Z,LIRO,0,27.289166666666667,temperature
2020-07-10T00:00:00Z,LIRO,0,26.732708333333335,temperature
2020-07-11T00:00:00Z,LIRO,0,26.750416666666663,temperature
2020-07-12T00:00:00Z,LIRO,0,26.192291666666662,temperature
2020-07-13T00:00:00Z,LIRO,0,25.93625,temperature
2020-07-14T00:00:00Z,LIRO,0,25.682291666666668,temperature
2020-07-15T00:00:00Z,LIRO,0,24.966041666666666,temperature
2020-07-16T00:00:00Z,LIRO,0,24.795625,temperature
2020-07-17T00:00:00Z,LIRO,0,25.47875,temperature
2020-07-18T00:00:00Z,LIRO,0,26.667708333333337,temperature
2020-07-19T00:00:00Z,LIRO,0,26.925,temperature
2020-07-20T00:00:00Z,LIRO,0,25.551666666666662,temperature
2020-07-21T00:00:00Z,LIRO,0,24.440625,temperature
2020-07-22T00:00:00Z,LIRO,0,23.372708333333332,temperature
2020-07-23T00:00:00Z,LIRO,0,23.339791666666667,temperature
2020-07-24T00:00:00Z,LIRO,0,23.989166666666662,temperature
2020-07-25T00:00:00Z,LIRO,0,24.556458333333335,temperature
2020-07-26T00:00:00Z,LIRO,0,24.86541666666667,temperature
2020-07-27T00:00:00Z,LIRO,0,24.875208333333333,temperature
2020-07-28T00:00:00Z,LIRO,0,24.688333333333333,temperature
2020-07-29T00:00:00Z,LIRO,0,24.877708333333334,temperature
2020-07-30T00:00:00Z,LIRO,0,24.561666666666667,temperature
2020-07-31T00:00:00Z,LIRO,0,24.781458333333333,temperature
2020-08-01T00:00:00Z,LIRO,0,25.293541666666663,temperature
2020-08-02T00:00:00Z,LIRO,0,24.66625,temperature
2020-08-03T00:00:00Z,LIRO,0,22.948125,temperature
2020-08-04T00:00:00Z,LIRO,0,22.432916666666667,temperature
2020-08-05T00:00:00Z,LIRO,0,22.322916666666668,temperature
2020-08-06T00:00:00Z,LIRO,0,22.649375,temperature
2020-08-07T00:00:00Z,LIRO,0,22.90625,temperature
2020-08-08T00:00:00Z,LIRO,0,23.190208333333334,temperature
2020-08-09T00:00:00Z,LIRO,0,24.022291666666668,temperature
2020-08-10T00:00:00Z,LIRO,0,24.385,temperature
2020-08-11T00:00:00Z,LIRO,0,23.939166666666665,temperature
2020-08-12T00:00:00Z,LIRO,0,24.41583333333333,temperature
2020-08-13T00:00:00Z,LIRO,0,24.624166666666667,temperature
2020-08-14T00:00:00Z,LIRO,0,24.496458333333333,temperature
2020-08-15T00:00:00Z,LIRO,0,24.576041666666665,temperature
2020-08-16T00:00:00Z,LIRO,0,24.14875,temperature
2020-08-17T00:00:00Z,LIRO,0,23.757083333333338,temperature
2020-08-18T00:00:00Z,LIRO,0,23.486666666666668,temperature
2020-08-19T00:00:00Z,LIRO,0,23.395416666666662,temperature
2020-08-20T00:00:00Z,LIRO,0,23.27875,temperature
2020-08-21T00:00:00Z,LIRO,0,23.833333333333332,temperature
2020-08-22T00:00:00Z,LIRO,0,24.10125,temperature
2020-08-23T00:00:00Z,LIRO,0,23.89229166666667,temperature
2020-08-24T00:00:00Z,LIRO,0,24.318125,temperature
2020-08-25T00:00:00Z,LIRO,0,24.4925,temperature
2020-08-26T00:00:00Z,LIRO,0,24.563333333333333,temperature
2020-08-27T00:00:00Z,LIRO,0,24.715208333333333,temperature
2020-08-28T00:00:00Z,LIRO,0,24.35125,temperature
2020-08-29T00:00:00Z,LIRO,0,23.258541666666662,temperature
2020-08-30T00:00:00Z,LIRO,0,22.771875,temperature
2020-08-31T00:00:00Z,LIRO,0,22.188541666666666,temperature
2020-09-01T00:00:00Z,LIRO,0,21.157291666666666,temperature
2020-09-02T00:00:00Z,LIRO,0,20.829791666666665,temperature
2020-09-03T00:00:00Z,LIRO,0,20.341666666666665,temperature
2020-09-04T00:00:00Z,LIRO,0,19.726458333333333,temperature
2020-09-05T00:00:00Z,LIRO,0,19.51,temperature
2020-09-06T00:00:00Z,LIRO,0,19.204583333333332,temperature
2020-09-07T00:00:00Z,LIRO,0,18.855,temperature
2020-09-08T00:00:00Z,LIRO,0,18.073541666666667,temperature
2020-09-09T00:00:00Z,LIRO,0,17.177291666666665,temperature
2020-09-10T00:00:00Z,LIRO,0,16.862916666666667,temperature
2020-09-11T00:00:00Z,LIRO,0,16.721666666666668,temperature
2020-09-12T00:00:00Z,LIRO,0,16.817083333333333,temperature
2020-09-13T00:00:00Z,LIRO,0,16.668333333333333,temperature
2020-09-14T00:00:00Z,LIRO,0,16.513333333333332,temperature
2020-09-15T00:00:00Z,LIRO,0,16.836041666666667,temperature
2020-09-16T00:00:00Z,LIRO,0,17.383333333333333,temperature
2020-09-17T00:00:00Z,LIRO,0,16.89625,temperature
2020-09-18T00:00:00Z,LIRO,0,16.441875,temperature
2020-09-19T00:00:00Z,LIRO,0,15.931458333333332,temperature
2020-09-20T00:00:00Z,LIRO,0,15.81875,temperature
2020-09-21T00:00:00Z,LIRO,0,15.7725,temperature
2020-09-22T00:00:00Z,LIRO,0,16.566875,temperature
2020-09-23T00:00:00Z,LIRO,0,17.438541666666666,temperature
2020-09-24T00:00:00Z,LIRO,0,17.957291666666666,temperature
2020-09-25T00:00:00Z,LIRO,0,17.52125,temperature
2020-09-26T00:00:00Z,LIRO,0,17.563125,temperature
2020-09-27T00:00:00Z,LIRO,0,17.000416666666666,temperature
2020-09-28T00:00:00Z,LIRO,0,16.47125,temperature
2020-09-29T00:00:00Z,LIRO,0,15.867916666666666,temperature
2020-09-30T00:00:00Z,LIRO,0,15.355625,temperature
2020-10-01T00:00:00Z,LIRO,0,14.854375,temperature
2020-10-02T00:00:00Z,LIRO,0,14.267291666666669,temperature
2020-10-03T00:00:00Z,LIRO,0,13.658541666666666,temperature
2020-10-04T00:00:00Z,LIRO,0,13.150208333333332,temperature
2020-10-05T00:00:00Z,LIRO,0,12.580416666666666,temperature
2020-10-06T00:00:00Z,LIRO,0,12.631041666666668,temperature
2020-10-07T00:00:00Z,LIRO,0,12.827291666666667,temperature
2020-10-08T00:00:00Z,LIRO,0,12.758958333333334,temperature
2020-10-09T00:00:00Z,LIRO,0,12.624583333333334,temperature
2020-10-10T00:00:00Z,LIRO,0,12.890625,temperature
2020-10-11T00:00:00Z,LIRO,0,12.544791666666669,temperature
2020-10-12T00:00:00Z,LIRO,0,12.585,temperature
2020-10-13T00:00:00Z,LIRO,0,12.185208333333334,temperature
2020-10-14T00:00:00Z,LIRO,0,11.724166666666669,temperature
2020-10-15T00:00:00Z,LIRO,0,11.236666666666666,temperature
2020-10-16T00:00:00Z,LIRO,0,10.595833333333331,temperature
2020-10-17T00:00:00Z,LIRO,0,9.919767441860465,temperature
2021-04-05T00:00:00Z,LIRO,0,6.195294117647059,temperature
2021-04-06T00:00:00Z,LIRO,0,9.017708333333331,temperature
2021-04-07T00:00:00Z,LIRO,0,10.942083333333333,temperature
2021-04-08T00:00:00Z,LIRO,0,12.958541666666669,temperature
2021-04-09T00:00:00Z,LIRO,0,13.002291666666666,temperature
2021-04-10T00:00:00Z,LIRO,0,12.567708333333334,temperature
2021-04-11T00:00:00Z,LIRO,0,10.925625,temperature
2021-04-12T00:00:00Z,LIRO,0,10.327291666666667,temperature
2021-04-13T00:00:00Z,LIRO,0,10.016875,temperature
2021-04-14T00:00:00Z,LIRO,0,9.020625,temperature
2021-04-15T00:00:00Z,LIRO,0,8.407291666666667,temperature
2021-04-16T00:00:00Z,LIRO,0,8.385625,temperature
2021-04-17T00:00:00Z,LIRO,0,8.901875,temperature
2021-04-18T00:00:00Z,LIRO,0,9.595208333333334,temperature
2021-04-19T00:00:00Z,LIRO,0,9.529166666666669,temperature
2021-04-20T00:00:00Z,LIRO,0,8.369583333333333,temperature
2021-04-21T00:00:00Z,LIRO,0,8.116666666666667,temperature
2021-04-22T00:00:00Z,LIRO,0,8.350416666666666,temperature
2021-04-23T00:00:00Z,LIRO,0,8.990208333333333,temperature
2021-04-24T00:00:00Z,LIRO,0,8.844375,temperature
2021-04-25T00:00:00Z,LIRO,0,8.5975,temperature
2021-04-26T00:00:00Z,LIRO,0,8.62125,temperature
2021-04-27T00:00:00Z,LIRO,0,7.990208333333333,temperature
2021-04-28T00:00:00Z,LIRO,0,8.438125,temperature
2021-04-29T00:00:00Z,LIRO,0,9.429791666666668,temperature
2021-04-30T00:00:00Z,LIRO,0,9.395833333333334,temperature
2021-05-01T00:00:00Z,LIRO,0,10.52875,temperature
2021-05-02T00:00:00Z,LIRO,0,12.128333333333334,temperature
2021-05-03T00:00:00Z,LIRO,0,12.008260869565218,temperature
2021-05-05T00:00:00Z,LIRO,0,11.831,temperature
2021-05-06T00:00:00Z,LIRO,0,11.350416666666666,temperature
2021-05-07T00:00:00Z,LIRO,0,11.250416666666666,temperature
2021-05-08T00:00:00Z,LIRO,0,11.051041666666666,temperature
2021-05-09T00:00:00Z,LIRO,0,11.318333333333332,temperature
2021-05-10T00:00:00Z,LIRO,0,11.086296296296297,temperature
2021-05-12T00:00:00Z,LIRO,0,12.730869565217391,temperature
2021-05-13T00:00:00Z,LIRO,0,13.290416666666667,temperature
2021-05-14T00:00:00Z,LIRO,0,13.59625,temperature
2021-05-15T00:00:00Z,LIRO,0,13.403333333333332,temperature
2021-05-16T00:00:00Z,LIRO,0,13.824583333333331,temperature
2021-05-17T00:00:00Z,LIRO,0,15.516875,temperature
2021-05-18T00:00:00Z,LIRO,0,17.109166666666667,temperature
2021-05-19T00:00:00Z,LIRO,0,17.858541666666667,temperature
2021-05-20T00:00:00Z,LIRO,0,18.01625,temperature
2021-05-21T00:00:00Z,LIRO,0,18.311458333333334,temperature
2021-05-22T00:00:00Z,LIRO,0,19.112083333333334,temperature
2021-05-23T00:00:00Z,LIRO,0,19.54083333333333,temperature
2021-05-24T00:00:00Z,LIRO,0,18.508541666666662,temperature
2021-05-25T00:00:00Z,LIRO,0,19.58875,temperature
2021-05-26T00:00:00Z,LIRO,0,19.100208333333335,temperature
2021-05-27T00:00:00Z,LIRO,0,17.281041666666667,temperature
2021-05-28T00:00:00Z,LIRO,0,15.709166666666668,temperature
2021-05-29T00:00:00Z,LIRO,0,15.995416666666667,temperature
2021-05-30T00:00:00Z,LIRO,0,16.280416666666667,temperature
2021-05-31T00:00:00Z,LIRO,0,15.856875,temperature
2021-06-01T00:00:00Z,LIRO,0,16.97125,temperature
2021-06-02T00:00:00Z,LIRO,0,18.850833333333338,temperature
2021-06-03T00:00:00Z,LIRO,0,18.591458333333332,temperature
2021-06-04T00:00:00Z,LIRO,0,19.196666666666665,temperature
2021-06-05T00:00:00Z,LIRO,0,21.526875,temperature
2021-06-06T00:00:00Z,LIRO,0,23.164166666666667,temperature
2021-06-07T00:00:00Z,LIRO,0,23.958958333333335,temperature
2021-06-08T00:00:00Z,LIRO,0,25.654791666666668,temperature
2021-06-09T00:00:00Z,LIRO,0,26.497083333333332,temperature
2021-06-10T00:00:00Z,LIRO,0,27.102916666666665,temperature
2021-06-11T00:00:00Z,LIRO,0,25.758333333333333,temperature
2021-06-12T00:00:00Z,LIRO,0,26.175833333333333,temperature
2021-06-13T00:00:00Z,LIRO,0,25.650625,temperature
2021-06-14T00:00:00Z,LIRO,0,24.546666666666667,temperature
2021-06-15T00:00:00Z,LIRO,0,23.79083333333333,temperature
2021-06-16T00:00:00Z,LIRO,0,23.91375,temperature
2021-06-17T00:00:00Z,LIRO,0,24.218695652173913,temperature
2021-06-18T00:00:00Z,LIRO,0,24.50875,temperature
2021-06-19T00:00:00Z,LIRO,0,24.144791666666663,temperature
2021-06-20T00:00:00Z,LIRO,0,23.2775,temperature
2021-06-21T00:00:00Z,LIRO,0,21.635,temperature
2021-06-22T00:00:00Z,LIRO,0,20.933541666666667,temperature
2021-06-23T00:00:00Z,LIRO,0,20.906041666666667,temperature
2021-06-24T00:00:00Z,LIRO,0,21.629583333333333,temperature
2021-06-25T00:00:00Z,LIRO,0,22.176875,temperature
2021-06-26T00:00:00Z,LIRO,0,23.21666666666667,temperature
2021-06-27T00:00:00Z,LIRO,0,22.98,temperature
2021-06-28T00:00:00Z,LIRO,0,23.233125,temperature
2021-06-29T00:00:00Z,LIRO,0,23.3725,temperature
2021-06-30T00:00:00Z,LIRO,0,23.768958333333337,temperature
2021-07-01T00:00:00Z,LIRO,0,23.9575,temperature
2021-07-02T00:00:00Z,LIRO,0,24.143541666666668,temperature
2021-07-03T00:00:00Z,LIRO,0,25.00125,temperature
2021-07-04T00:00:00Z,LIRO,0,25.840833333333332,temperature
2021-07-05T00:00:00Z,LIRO,0,26.380625,temperature
2021-07-06T00:00:00Z,LIRO,0,26.084375,temperature
2021-07-07T00:00:00Z,LIRO,0,23.926041666666663,temperature
2021-07-08T00:00:00Z,LIRO,0,22.971041666666668,temperature
2021-07-09T00:00:00Z,LIRO,0,23.520833333333332,temperature
2021-07-10T00:00:00Z,LIRO,0,24.136666666666667,temperature
2021-07-11T00:00:00Z,LIRO,0,24.300625,temperature
2021-07-12T00:00:00Z,LIRO,0,24.8425,temperature
2021-07-13T00:00:00Z,LIRO,0,25.071458333333332,temperature
2021-07-14T00:00:00Z,LIRO,0,25.245833333333337,temperature
2021-07-15T00:00:00Z,LIRO,0,24.567083333333333,temperature
2021-07-16T00:00:00Z,LIRO,0,25.110625,temperature
2021-07-17T00:00:00Z,LIRO,0,25.74791666666667,temperature
2021-07-18T00:00:00Z,LIRO,0,26.015208333333337,temperature
2021-07-19T00:00:00Z,LIRO,0,25.88625,temperature
2021-07-20T00:00:00Z,LIRO,0,25.52125,temperature
2021-07-21T00:00:00Z,LIRO,0,24.742708333333333,temperature
2021-07-22T00:00:00Z,LIRO,0,24.376041666666666,temperature
2021-07-23T00:00:00Z,LIRO,0,24.704166666666666,temperature
2021-07-24T00:00:00Z,LIRO,0,25.346875,temperature
2021-07-25T00:00:00Z,LIRO,0,25.408541666666668,temperature
2021-07-26T00:00:00Z,LIRO,0,25.743333333333332,temperature
2021-07-27T00:00:00Z,LIRO,0,25.993125,temperature
2021-07-28T00:00:00Z,LIRO,0,25.790625,temperature
2021-07-29T00:00:00Z,LIRO,0,25.291458333333335,temperature
2021-07-30T00:00:00Z,LIRO,0,25.239166666666662,temperature
2021-07-31T00:00:00Z,LIRO,0,25.167708333333337,temperature
2021-08-01T00:00:00Z,LIRO,0,24.460208333333338,temperature
2021-08-02T00:00:00Z,LIRO,0,24.062708333333333,temperature
2021-08-03T00:00:00Z,LIRO,0,24.20375,temperature
2021-08-04T00:00:00Z,LIRO,0,24.401458333333338,temperature
2021-08-05T00:00:00Z,LIRO,0,24.2375,temperature
2021-08-06T00:00:00Z,LIRO,0,23.790416666666665,temperature
2021-08-07T00:00:00Z,LIRO,0,23.593958333333333,temperature
2021-08-08T00:00:00Z,LIRO,0,23.160208333333333,temperature
2021-08-09T00:00:00Z,LIRO,0,23.658333333333335,temperature
2021-08-10T00:00:00Z,LIRO,0,24.100833333333338,temperature
2021-08-11T00:00:00Z,LIRO,0,23.875208333333333,temperature
2021-08-12T00:00:00Z,LIRO,0,23.612916666666667,temperature
2021-08-13T00:00:00Z,LIRO,0,23.190416666666668,temperature
2021-08-14T00:00:00Z,LIRO,0,23.20375,temperature
2021-08-15T00:00:00Z,LIRO,0,23.510416666666668,temperature
2021-08-16T00:00:00Z,LIRO,0,23.724583333333335,temperature
2021-08-17T00:00:00Z,LIRO,0,23.873541666666668,temperature
2021-08-18T00:00:00Z,LIRO,0,24.543333333333333,temperature
2021-08-19T00:00:00Z,LIRO,0,25.18,temperature
2021-08-20T00:00:00Z,LIRO,0,25.324166666666667,temperature
2021-08-21T00:00:00Z,LIRO,0,25.378333333333337,temperature
2021-08-22T00:00:00Z,LIRO,0,24.705416666666668,temperature
2021-08-23T00:00:00Z,LIRO,0,24.52520833333333,temperature
2021-08-24T00:00:00Z,LIRO,0,24.384375,temperature
2021-08-25T00:00:00Z,LIRO,0,24.393333333333334,temperature
2021-08-26T00:00:00Z,LIRO,0,24.102916666666665,temperature
2021-08-27T00:00:00Z,LIRO,0,23.250833333333333,temperature
2021-08-28T00:00:00Z,LIRO,0,23.07875,temperature
2021-08-29T00:00:00Z,LIRO,0,23.322291666666665,temperature
2021-08-30T00:00:00Z,LIRO,0,23.1075,temperature
2021-08-31T00:00:00Z,LIRO,0,22.883125,temperature
2021-09-01T00:00:00Z,LIRO,0,22.773541666666667,temperature
2021-09-02T00:00:00Z,LIRO,0,22.593541666666667,temperature
2021-09-03T00:00:00Z,LIRO,0,22.07,temperature
2021-09-04T00:00:00Z,LIRO,0,21.333958333333335,temperature
2021-09-05T00:00:00Z,LIRO,0,20.913541666666667,temperature
2021-09-06T00:00:00Z,LIRO,0,20.630416666666665,temperature
2021-09-07T00:00:00Z,LIRO,0,20.63388888888889,temperature
2021-09-20T00:00:00Z,LIRO,0,20.30777777777778,temperature
2021-09-21T00:00:00Z,LIRO,0,19.678541666666668,temperature
2021-09-22T00:00:00Z,LIRO,0,18.914791666666662,temperature
2021-09-23T00:00:00Z,LIRO,0,18.538958333333333,temperature
2021-09-24T00:00:00Z,LIRO,0,18.156041666666667,temperature
2021-09-25T00:00:00Z,LIRO,0,17.621041666666667,temperature
2021-09-26T00:00:00Z,LIRO,0,17.417291666666667,temperature
2021-09-27T00:00:00Z,LIRO,0,17.446458333333332,temperature
2021-09-28T00:00:00Z,LIRO,0,17.44729166666667,temperature
2021-09-29T00:00:00Z,LIRO,0,17.837083333333332,temperature
2021-09-30T00:00:00Z,LIRO,0,18.35333333333333,temperature
2021-10-01T00:00:00Z,LIRO,0,18.803541666666668,temperature
2021-10-02T00:00:00Z,LIRO,0,19.217291666666668,temperature
2021-10-03T00:00:00Z,LIRO,0,19.276458333333338,temperature
2021-10-04T00:00:00Z,LIRO,0,18.071875,temperature
2021-10-05T00:00:00Z,LIRO,0,18.20375,temperature
2021-10-06T00:00:00Z,LIRO,0,18.18375,temperature
2021-10-07T00:00:00Z,LIRO,0,18.220208333333332,temperature
2021-10-08T00:00:00Z,LIRO,0,18.487083333333334,temperature
2021-10-09T00:00:00Z,LIRO,0,18.416666666666668,temperature
2021-10-10T00:00:00Z,LIRO,0,18.470833333333335,temperature
2021-10-11T00:00:00Z,LIRO,0,18.266458333333333,temperature
2021-10-12T00:00:00Z,LIRO,0,17.873125,temperature
2021-10-13T00:00:00Z,LIRO,0,17.576458333333335,temperature
2021-10-14T00:00:00Z,LIRO,0,17.136666666666667,temperature
2021-10-15T00:00:00Z,LIRO,0,16.371041666666667,temperature
2021-10-16T00:00:00Z,LIRO,0,15.695,temperature
2021-10-17T00:00:00Z,LIRO,0,15.105625,temperature
2021-10-18T00:00:00Z,LIRO,0,14.614583333333334,temperature
2021-10-19T00:00:00Z,LIRO,0,14.413958333333332,temperature
2021-10-20T00:00:00Z,LIRO,0,14.08125,temperature
2021-10-21T00:00:00Z,LIRO,0,13.498936170212763,temperature
2021-10-22T00:00:00Z,LIRO,0,12.85695652173913,temperature
2021-10-23T00:00:00Z,LIRO,0,12.290208333333334,temperature
2021-10-24T00:00:00Z,LIRO,0,11.726458333333332,temperature
2021-10-25T00:00:00Z,LIRO,0,11.167916666666668,temperature
2021-10-26T00:00:00Z,LIRO,0,10.77375,temperature
2021-10-27T00:00:00Z,LIRO,0,10.394791666666666,temperature
2021-10-28T00:00:00Z,LIRO,0,10.225625,temperature
2021-10-29T00:00:00Z,LIRO,0,10.091041666666667,temperature
2021-10-30T00:00:00Z,LIRO,0,10.149791666666667,temperature
2021-10-31T00:00:00Z,LIRO,0,9.896458333333332,temperature
2021-11-01T00:00:00Z,LIRO,0,9.321666666666667,temperature
2021-11-02T00:00:00Z,LIRO,0,8.685,temperature
2021-11-03T00:00:00Z,LIRO,0,8.132708333333333,temperature
2022-05-04T00:00:00Z,LIRO,0,11.173846153846156,temperature
2022-05-05T00:00:00Z,LIRO,0,8.753125,temperature
2022-05-06T00:00:00Z,LIRO,0,10.323125,temperature
2022-05-07T00:00:00Z,LIRO,0,11.96,temperature
2022-05-08T00:00:00Z,LIRO,0,12.188958333333334,temperature
2022-05-09T00:00:00Z,LIRO,0,11.6725,temperature
2022-05-10T00:00:00Z,LIRO,0,13.46875,temperature
2022-05-11T00:00:00Z,LIRO,0,15.044375,temperature
2022-05-12T00:00:00Z,LIRO,0,17.123958333333334,temperature
2022-05-13T00:00:00Z,LIRO,0,17.990625,temperature
2022-05-14T00:00:00Z,LIRO,0,19.3975,temperature
2022-05-15T00:00:00Z,LIRO,0,18.912708333333335,temperature
2022-05-16T00:00:00Z,LIRO,0,18.401666666666667,temperature
2022-05-17T00:00:00Z,LIRO,0,17.744791666666668,temperature
2022-05-18T00:00:00Z,LIRO,0,17.850416666666668,temperature
2022-05-19T00:00:00Z,LIRO,0,17.159583333333334,temperature
2022-05-20T00:00:00Z,LIRO,0,17.005625,temperature
2022-05-21T00:00:00Z,LIRO,0,16.39375,temperature
2022-05-22T00:00:00Z,LIRO,0,15.762708333333332,temperature
2022-05-23T00:00:00Z,LIRO,0,15.17625,temperature
2022-05-24T00:00:00Z,LIRO,0,15.718125,temperature
2022-05-25T00:00:00Z,LIRO,0,15.947708333333331,temperature
2022-05-26T00:00:00Z,LIRO,0,14.830416666666666,temperature
2022-05-27T00:00:00Z,LIRO,0,14.945208333333332,temperature
2022-05-28T00:00:00Z,LIRO,0,15.735625,temperature
2022-05-29T00:00:00Z,LIRO,0,15.50375,temperature
2022-05-30T00:00:00Z,LIRO,0,17.13125,temperature
2022-05-31T00:00:00Z,LIRO,0,18.695172413793102,temperature
2022-06-01T00:00:00Z,LIRO,0,10,temperature
2022-06-03T00:00:00Z,LIRO,0,18.99,temperature
2022-06-04T00:00:00Z,LIRO,0,18.621041666666667,temperature
2022-06-05T00:00:00Z,LIRO,0,19.062916666666663,temperature
2022-06-06T00:00:00Z,LIRO,0,19.24416666666667,temperature
2022-06-07T00:00:00Z,LIRO,0,19.282083333333333,temperature
2022-06-08T00:00:00Z,LIRO,0,19.737916666666667,temperature
2022-06-09T00:00:00Z,LIRO,0,19.7325,temperature
2022-06-10T00:00:00Z,LIRO,0,20.155416666666667,temperature
2022-06-11T00:00:00Z,LIRO,0,20.163541666666667,temperature
2022-06-12T00:00:00Z,LIRO,0,19.87875,temperature
2022-06-13T00:00:00Z,LIRO,0,20.130208333333332,temperature
2022-06-14T00:00:00Z,LIRO,0,20.011666666666667,temperature
2022-06-15T00:00:00Z,LIRO,0,22.674166666666668,temperature
2022-06-16T00:00:00Z,LIRO,0,21.383125,temperature
2022-06-17T00:00:00Z,LIRO,0,21.155208333333334,temperature
2022-06-18T00:00:00Z,LIRO,0,21.47458333333333,temperature
2022-06-19T00:00:00Z,LIRO,0,21.4325,temperature
2022-06-20T00:00:00Z,LIRO,0,22.608333333333334,temperature
2022-06-21T00:00:00Z,LIRO,0,25.24875,temperature
2022-06-22T00:00:00Z,LIRO,0,24.798541666666665,temperature
2022-06-23T00:00:00Z,LIRO,0,24.428936170212765,temperature
2022-06-24T00:00:00Z,LIRO,0,24.9475,temperature
2022-06-25T00:00:00Z,LIRO,0,25.002916666666668,temperature
2022-06-26T00:00:00Z,LIRO,0,23.840833333333332,temperature
2022-06-27T00:00:00Z,LIRO,0,22.637916666666666,temperature
2022-06-28T00:00:00Z,LIRO,0,22.561666666666667,temperature
2022-06-29T00:00:00Z,LIRO,0,22.327083333333334,temperature
2022-06-30T00:00:00Z,LIRO,0,22.836136363636363,temperature
2022-07-01T00:00:00Z,LIRO,0,23.312916666666663,temperature
2022-07-02T00:00:00Z,LIRO,0,23.126458333333332,temperature
2022-07-03T00:00:00Z,LIRO,0,23.13125,temperature
2022-07-04T00:00:00Z,LIRO,0,23.645833333333332,temperature
2022-07-05T00:00:00Z,LIRO,0,23.741875,temperature
2022-07-06T00:00:00Z,LIRO,0,23.771458333333335,temperature
2022-07-07T00:00:00Z,LIRO,0,24.30375,temperature
2022-07-08T00:00:00Z,LIRO,0,24.913958333333333,temperature
2022-07-09T00:00:00Z,LIRO,0,24.960833333333333,temperature
2022-07-10T00:00:00Z,LIRO,0,25.061666666666667,temperature
2022-07-11T00:00:00Z,LIRO,0,24.62,temperature
2022-07-12T00:00:00Z,LIRO,0,24.363958333333333,temperature
2022-07-13T00:00:00Z,LIRO,0,24.156875,temperature
2022-07-14T00:00:00Z,LIRO,0,24.251041666666666,temperature
2022-07-15T00:00:00Z,LIRO,0,24.194166666666668,temperature
2022-07-16T00:00:00Z,LIRO,0,24.382291666666667,temperature
2022-07-17T00:00:00Z,LIRO,0,25.692916666666665,temperature
2022-07-18T00:00:00Z,LIRO,0,25.996041666666667,temperature
2022-07-19T00:00:00Z,LIRO,0,25.544166666666666,temperature
2022-07-20T00:00:00Z,LIRO,0,25.342083333333335,temperature
2022-07-21T00:00:00Z,LIRO,0,24.921041666666667,temperature
2022-07-22T00:00:00Z,LIRO,0,25.19708333333333,temperature
2022-07-23T00:00:00Z,LIRO,0,25.211458333333333,temperature
2022-07-24T00:00:00Z,LIRO,0,24.452916666666667,temperature
2022-07-25T00:00:00Z,LIRO,0,23.798541666666665,temperature
2022-07-26T00:00:00Z,LIRO,0,23.475416666666668,temperature
2022-07-27T00:00:00Z,LIRO,0,23.933958333333333,temperature
2022-07-28T00:00:00Z,LIRO,0,23.547916666666666,temperature
2022-07-29T00:00:00Z,LIRO,0,23.063125,temperature
2022-07-30T00:00:00Z,LIRO,0,23.267708333333335,temperature
2022-07-31T00:00:00Z,LIRO,0,23.880625,temperature
2022-08-01T00:00:00Z,LIRO,0,23.878333333333337,temperature
2022-08-02T00:00:00Z,LIRO,0,23.512291666666663,temperature
2022-08-03T00:00:00Z,LIRO,0,23.887916666666666,temperature
2022-08-04T00:00:00Z,LIRO,0,24.400833333333335,temperature
2022-08-05T00:00:00Z,LIRO,0,24.561041666666668,temperature
2022-08-06T00:00:00Z,LIRO,0,24.679583333333333,temperature
2022-08-07T00:00:00Z,LIRO,0,24.38104166666667,temperature
2022-08-08T00:00:00Z,LIRO,0,24.069375,temperature
2022-08-09T00:00:00Z,LIRO,0,23.927291666666665,temperature
2022-08-10T00:00:00Z,LIRO,0,24.253958333333333,temperature
2022-08-11T00:00:00Z,LIRO,0,24.198125,temperature
2022-08-12T00:00:00Z,LIRO,0,23.5725,temperature
2022-08-13T00:00:00Z,LIRO,0,22.448541666666667,temperature
2022-08-14T00:00:00Z,LIRO,0,21.95125,temperature
2022-08-15T00:00:00Z,LIRO,0,22.255208333333332,temperature
2022-08-16T00:00:00Z,LIRO,0,22.801666666666662,temperature
2022-08-17T00:00:00Z,LIRO,0,22.992916666666662,temperature
2022-08-18T00:00:00Z,LIRO,0,22.748958333333334,temperature
2022-08-19T00:00:00Z,LIRO,0,22.989791666666665,temperature
2022-08-20T00:00:00Z,LIRO,0,23.171041666666667,temperature
2022-08-21T00:00:00Z,LIRO,0,23.167291666666667,temperature
2022-08-22T00:00:00Z,LIRO,0,23.54,temperature
2022-08-23T00:00:00Z,LIRO,0,24.033333333333335,temperature
2022-08-24T00:00:00Z,LIRO,0,24.327291666666667,temperature
2022-08-25T00:00:00Z,LIRO,0,23.906666666666663,temperature
2022-08-26T00:00:00Z,LIRO,0,23.189375,temperature
2022-08-27T00:00:00Z,LIRO,0,22.77875,temperature
2022-08-28T00:00:00Z,LIRO,0,22.080416666666668,temperature
2022-08-29T00:00:00Z,LIRO,0,22.355625,temperature
2022-08-30T00:00:00Z,LIRO,0,22.37,temperature
2022-08-31T00:00:00Z,LIRO,0,22.206875,temperature
2022-09-01T00:00:00Z,LIRO,0,22.491875,temperature
2022-09-02T00:00:00Z,LIRO,0,23.109166666666667,temperature
2022-09-03T00:00:00Z,LIRO,0,22.881875,temperature
2022-09-04T00:00:00Z,LIRO,0,22.33625,temperature
2022-09-05T00:00:00Z,LIRO,0,22.3,temperature
2022-09-06T00:00:00Z,LIRO,0,22.371666666666663,temperature
2022-09-07T00:00:00Z,LIRO,0,22.5475,temperature
2022-09-08T00:00:00Z,LIRO,0,22.28125,temperature
2022-09-09T00:00:00Z,LIRO,0,22.141666666666666,temperature
2022-09-10T00:00:00Z,LIRO,0,21.396041666666665,temperature
2022-09-11T00:00:00Z,LIRO,0,20.699166666666667,temperature
2022-09-12T00:00:00Z,LIRO,0,20.231041666666663,temperature
2022-09-13T00:00:00Z,LIRO,0,20.25958333333333,temperature
2022-09-14T00:00:00Z,LIRO,0,20.0175,temperature
2022-09-15T00:00:00Z,LIRO,0,19.438541666666666,temperature
2022-09-16T00:00:00Z,LIRO,0,19.615833333333335,temperature
2022-09-17T00:00:00Z,LIRO,0,20.067916666666665,temperature
2022-09-18T00:00:00Z,LIRO,0,20.551875,temperature
2022-09-19T00:00:00Z,LIRO,0,20.356875,temperature
2022-09-20T00:00:00Z,LIRO,0,20.643333333333334,temperature
2022-09-21T00:00:00Z,LIRO,0,20.669583333333332,temperature
2022-09-22T00:00:00Z,LIRO,0,19.345416666666665,temperature
2022-09-23T00:00:00Z,LIRO,0,18.3125,temperature
2022-09-24T00:00:00Z,LIRO,0,17.602291666666666,temperature
2022-09-25T00:00:00Z,LIRO,0,17.15041666666667,temperature
2022-09-26T00:00:00Z,LIRO,0,16.52,temperature
2022-09-27T00:00:00Z,LIRO,0,15.734791666666666,temperature
2022-09-28T00:00:00Z,LIRO,0,15.340416666666666,temperature
2022-09-29T00:00:00Z,LIRO,0,14.71,temperature
2022-09-30T00:00:00Z,LIRO,0,14.723333333333333,temperature
2022-10-01T00:00:00Z,LIRO,0,14.97375,temperature
2022-10-02T00:00:00Z,LIRO,0,15.186458333333333,temperature
2022-10-03T00:00:00Z,LIRO,0,15.216875,temperature
2022-10-04T00:00:00Z,LIRO,0,15.433333333333334,temperature
2022-10-05T00:00:00Z,LIRO,0,15.473541666666666,temperature
2022-10-06T00:00:00Z,LIRO,0,15.310833333333331,temperature
2022-10-07T00:00:00Z,LIRO,0,14.229583333333334,temperature
2022-10-08T00:00:00Z,LIRO,0,13.386458333333334,temperature
2022-10-09T00:00:00Z,LIRO,0,13.1575,temperature
2022-10-10T00:00:00Z,LIRO,0,12.848958333333334,temperature
2022-10-11T00:00:00Z,LIRO,0,12.835208333333334,temperature
2022-10-12T00:00:00Z,LIRO,0,13.358958333333334,temperature
2022-10-13T00:00:00Z,LIRO,0,12.649791666666667,temperature
2022-10-14T00:00:00Z,LIRO,0,11.848125,temperature
2022-10-15T00:00:00Z,LIRO,0,11.076458333333331,temperature
2022-10-16T00:00:00Z,LIRO,0,10.583333333333334,temperature
2022-10-17T00:00:00Z,LIRO,0,9.914583333333333,temperature
2022-10-18T00:00:00Z,LIRO,0,8.961875,temperature
2022-10-19T00:00:00Z,LIRO,0,8.366458333333334,temperature
2022-10-20T00:00:00Z,LIRO,0,8.225833333333334,temperature
2022-10-21T00:00:00Z,LIRO,0,8.363333333333333,temperature
2022-10-22T00:00:00Z,LIRO,0,8.477083333333333,temperature
2022-10-23T00:00:00Z,LIRO,0,9.239375,temperature
2022-10-24T00:00:00Z,LIRO,0,10.667708333333334,temperature
2022-10-25T00:00:00Z,LIRO,0,10.711875,temperature
2022-10-26T00:00:00Z,LIRO,0,9.484166666666669,temperature
2022-10-27T00:00:00Z,LIRO,0,8.642291666666667,temperature
2022-10-28T00:00:00Z,LIRO,0,8.713333333333333,temperature
2022-10-29T00:00:00Z,LIRO,0,8.685208333333334,temperature
2022-10-30T00:00:00Z,LIRO,0,8.903333333333332,temperature
2022-10-31T00:00:00Z,LIRO,0,8.93875,temperature
2022-11-01T00:00:00Z,LIRO,0,8.952083333333334,temperature
2022-11-02T00:00:00Z,LIRO,0,8.85125,temperature
2022-11-03T00:00:00Z,LIRO,0,9.16258064516129,temperature
2023-05-09T00:00:00Z,LIRO,0,14.334444444444443,temperature
2023-05-10T00:00:00Z,LIRO,0,15.551041666666666,temperature
2023-05-11T00:00:00Z,LIRO,0,16.205625,temperature
2023-05-12T00:00:00Z,LIRO,0,16.520416666666666,temperature
2023-05-13T00:00:00Z,LIRO,0,16.794999999999998,temperature
2023-05-14T00:00:00Z,LIRO,0,16.188333333333333,temperature
2023-05-15T00:00:00Z,LIRO,0,16.257291666666667,temperature
2023-05-16T00:00:00Z,LIRO,0,16.671875,temperature
2023-05-17T00:00:00Z,LIRO,0,16.301041666666666,temperature
2023-05-18T00:00:00Z,LIRO,0,15.818958333333333,temperature
2023-05-19T00:00:00Z,LIRO,0,15.3,temperature
2023-05-20T00:00:00Z,LIRO,0,14.50625,temperature
2023-05-21T00:00:00Z,LIRO,0,16.041875,temperature
2023-05-22T00:00:00Z,LIRO,0,16.975833333333334,temperature
2023-05-23T00:00:00Z,LIRO,0,18.111458333333335,temperature
2023-05-24T00:00:00Z,LIRO,0,18.1,temperature
2023-05-25T00:00:00Z,LIRO,0,17.394468085106382,temperature
2023-05-26T00:00:00Z,LIRO,0,18.00125,temperature
2023-05-27T00:00:00Z,LIRO,0,18.68125,temperature
2023-05-28T00:00:00Z,LIRO,0,19.696666666666665,temperature
2023-05-29T00:00:00Z,LIRO,0,20.554375,temperature
2023-05-30T00:00:00Z,LIRO,0,20.78,temperature
2023-05-31T00:00:00Z,LIRO,0,21.415625,temperature
2023-06-01T00:00:00Z,LIRO,0,22.871875,temperature
2023-06-02T00:00:00Z,LIRO,0,23.591458333333332,temperature
2023-06-03T00:00:00Z,LIRO,0,24.233333333333334,temperature
2023-06-04T00:00:00Z,LIRO,0,24.627291666666668,temperature
2023-06-05T00:00:00Z,LIRO,0,25.2475,temperature
2023-06-06T00:00:00Z,LIRO,0,24.867142857142856,temperature
2023-06-07T00:00:00Z,LIRO,0,23.672291666666663,temperature
2023-06-08T00:00:00Z,LIRO,0,22.767083333333332,temperature
2023-06-09T00:00:00Z,LIRO,0,22.612708333333337,temperature
2023-06-10T00:00:00Z,LIRO,0,22.332708333333333,temperature
2023-06-11T00:00:00Z,LIRO,0,20.411666666666665,temperature
2023-06-12T00:00:00Z,LIRO,0,19.263125,temperature
2023-06-13T00:00:00Z,LIRO,0,18.456875,temperature
2023-06-14T00:00:00Z,LIRO,0,18.871875,temperature
2023-06-15T00:00:00Z,LIRO,0,17.836458333333333,temperature
2023-06-16T00:00:00Z,LIRO,0,17.697499999999998,temperature
2023-06-17T00:00:00Z,LIRO,0,19.77166666666667,temperature
2023-06-18T00:00:00Z,LIRO,0,20.932083333333335,temperature
2023-06-19T00:00:00Z,LIRO,0,21.479375,temperature
2023-06-20T00:00:00Z,LIRO,0,22.585416666666667,temperature
2023-06-21T00:00:00Z,LIRO,0,23.809583333333332,temperature
2023-06-22T00:00:00Z,LIRO,0,24.903541666666666,temperature
2023-06-23T00:00:00Z,LIRO,0,25.710833333333333,temperature
2023-06-24T00:00:00Z,LIRO,0,25.321458333333332,temperature
2023-06-25T00:00:00Z,LIRO,0,24.779791666666668,temperature
2023-06-26T00:00:00Z,LIRO,0,22.77625,temperature
2023-06-27T00:00:00Z,LIRO,0,21.684583333333332,temperature
2023-06-28T00:00:00Z,LIRO,0,22.542708333333337,temperature
2023-06-29T00:00:00Z,LIRO,0,22.454375,temperature
2023-06-30T00:00:00Z,LIRO,0,23.48,temperature
2023-07-01T00:00:00Z,LIRO,0,24.281666666666663,temperature
2023-07-02T00:00:00Z,LIRO,0,24.404375,temperature
2023-07-03T00:00:00Z,LIRO,0,25.355208333333337,temperature
2023-07-04T00:00:00Z,LIRO,0,25.984583333333333,temperature
2023-07-05T00:00:00Z,LIRO,0,25.937291666666667,temperature
2023-07-06T00:00:00Z,LIRO,0,24.656875,temperature
2023-07-07T00:00:00Z,LIRO,0,23.756875,temperature
2023-07-08T00:00:00Z,LIRO,0,23.675208333333337,temperature
2023-07-09T00:00:00Z,LIRO,0,23.203958333333333,temperature
2023-07-10T00:00:00Z,LIRO,0,23.35375,temperature
2023-07-11T00:00:00Z,LIRO,0,23.150416666666665,temperature
2023-07-12T00:00:00Z,LIRO,0,23.0975,temperature
2023-07-13T00:00:00Z,LIRO,0,23.079583333333332,temperature
2023-07-14T00:00:00Z,LIRO,0,23.4575,temperature
2023-07-15T00:00:00Z,LIRO,0,23.858541666666667,temperature
2023-07-16T00:00:00Z,LIRO,0,23.343958333333333,temperature
2023-07-17T00:00:00Z,LIRO,0,22.575416666666666,temperature
2023-07-18T00:00:00Z,LIRO,0,22.242291666666667,temperature
2023-07-19T00:00:00Z,LIRO,0,22.236875,temperature
2023-07-20T00:00:00Z,LIRO,0,21.925416666666667,temperature
2023-07-21T00:00:00Z,LIRO,0,21.948333333333338,temperature
2023-07-22T00:00:00Z,LIRO,0,22.76375,temperature
2023-07-23T00:00:00Z,LIRO,0,23.171666666666667,temperature
2023-07-24T00:00:00Z,LIRO,0,23.592916666666667,temperature
2023-07-25T00:00:00Z,LIRO,0,24.01875,temperature
2023-07-26T00:00:00Z,LIRO,0,24.926666666666662,temperature
2023-07-27T00:00:00Z,LIRO,0,25.222916666666663,temperature
2023-07-28T00:00:00Z,LIRO,0,24.956666666666667,temperature
2023-07-29T00:00:00Z,LIRO,0,25.04104166666667,temperature
2023-07-30T00:00:00Z,LIRO,0,24.282083333333333,temperature
2023-07-31T00:00:00Z,LIRO,0,24.034375,temperature
2023-08-01T00:00:00Z,LIRO,0,23.951041666666665,temperature
2023-08-02T00:00:00Z,LIRO,0,24.34625,temperature
2023-08-03T00:00:00Z,LIRO,0,25.259375,temperature
2023-08-04T00:00:00Z,LIRO,0,25.45375,temperature
2023-08-05T00:00:00Z,LIRO,0,25.702291666666667,temperature
2023-08-06T00:00:00Z,LIRO,0,25.428541666666668,temperature
2023-08-07T00:00:00Z,LIRO,0,25.149791666666665,temperature
2023-08-08T00:00:00Z,LIRO,0,24.963125,temperature
2023-08-09T00:00:00Z,LIRO,0,24.600625,temperature
2023-08-10T00:00:00Z,LIRO,0,24.03125,temperature
2023-08-11T00:00:00Z,LIRO,0,23.424791666666668,temperature
2023-08-12T00:00:00Z,LIRO,0,23.047083333333333,temperature
2023-08-13T00:00:00Z,LIRO,0,22.785208333333333,temperature
2023-08-14T00:00:00Z,LIRO,0,22.53708333333333,temperature
2023-08-15T00:00:00Z,LIRO,0,22.385,temperature
2023-08-16T00:00:00Z,LIRO,0,22.729583333333338,temperature
2023-08-17T00:00:00Z,LIRO,0,22.237083333333334,temperature
2023-08-18T00:00:00Z,LIRO,0,21.7275,temperature
2023-08-19T00:00:00Z,LIRO,0,21.968333333333337,temperature
2023-08-20T00:00:00Z,LIRO,0,23.092291666666668,temperature
2023-08-21T00:00:00Z,LIRO,0,22.931666666666665,temperature
2023-08-22T00:00:00Z,LIRO,0,22.332291666666663,temperature
2023-08-23T00:00:00Z,LIRO,0,22.033125,temperature
2023-08-24T00:00:00Z,LIRO,0,22.542083333333338,temperature
2023-08-25T00:00:00Z,LIRO,0,22.454166666666666,temperature
2023-08-26T00:00:00Z,LIRO,0,22.25875,temperature
2023-08-27T00:00:00Z,LIRO,0,21.702291666666667,temperature
2023-08-28T00:00:00Z,LIRO,0,21.62375,temperature
2023-08-29T00:00:00Z,LIRO,0,21.751875,temperature
2023-08-30T00:00:00Z,LIRO,0,21.322916666666668,temperature
2023-08-31T00:00:00Z,LIRO,0,21.305,temperature
2023-09-01T00:00:00Z,LIRO,0,21.348125,temperature
2023-09-02T00:00:00Z,LIRO,0,21.461041666666667,temperature
2023-09-03T00:00:00Z,LIRO,0,22.546458333333337,temperature
2023-09-04T00:00:00Z,LIRO,0,23.394583333333333,temperature
2023-09-05T00:00:00Z,LIRO,0,23.796666666666667,temperature
2023-09-06T00:00:00Z,LIRO,0,23.481875,temperature
2023-09-07T00:00:00Z,LIRO,0,21.55291666666667,temperature
2023-09-08T00:00:00Z,LIRO,0,20.620416666666667,temperature
2023-09-09T00:00:00Z,LIRO,0,20.529375,temperature
2023-09-10T00:00:00Z,LIRO,0,20.403125,temperature
2023-09-11T00:00:00Z,LIRO,0,19.876875,temperature
2023-09-12T00:00:00Z,LIRO,0,19.174375,temperature
2023-09-13T00:00:00Z,LIRO,0,18.326666666666668,temperature
2023-09-14T00:00:00Z,LIRO,0,18.033125,temperature
2023-09-15T00:00:00Z,LIRO,0,17.988958333333333,temperature
2023-09-16T00:00:00Z,LIRO,0,17.83770833333333,temperature
2023-09-17T00:00:00Z,LIRO,0,17.597291666666667,temperature
2023-09-18T00:00:00Z,LIRO,0,17.540208333333332,temperature
2023-09-19T00:00:00Z,LIRO,0,17.378125,temperature
2023-09-20T00:00:00Z,LIRO,0,18.0675,temperature
2023-09-21T00:00:00Z,LIRO,0,19.200416666666666,temperature
2023-09-22T00:00:00Z,LIRO,0,19.666458333333335,temperature
2023-09-23T00:00:00Z,LIRO,0,19.164166666666667,temperature
2023-09-24T00:00:00Z,LIRO,0,18.47458333333333,temperature
2023-09-25T00:00:00Z,LIRO,0,18.021875,temperature
2023-09-26T00:00:00Z,LIRO,0,17.772916666666667,temperature
2023-09-27T00:00:00Z,LIRO,0,17.683958333333333,temperature
2023-09-28T00:00:00Z,LIRO,0,17.496041666666667,temperature
2023-09-29T00:00:00Z,LIRO,0,17.333333333333332,temperature
2023-09-30T00:00:00Z,LIRO,0,17.385,temperature
2023-10-01T00:00:00Z,LIRO,0,18.137708333333332,temperature
2023-10-02T00:00:00Z,LIRO,0,19.024583333333332,temperature
2023-10-03T00:00:00Z,LIRO,0,19.222083333333337,temperature
2023-10-04T00:00:00Z,LIRO,0,19.284166666666668,temperature
2023-10-05T00:00:00Z,LIRO,0,18.338333333333335,temperature
2023-10-06T00:00:00Z,LIRO,0,17.15020833333333,temperature
2023-10-07T00:00:00Z,LIRO,0,16.047708333333333,temperature
2023-10-08T00:00:00Z,LIRO,0,15.274166666666666,temperature
2023-10-09T00:00:00Z,LIRO,0,14.423958333333331,temperature
2023-10-10T00:00:00Z,LIRO,0,13.729583333333334,temperature
2023-10-11T00:00:00Z,LIRO,0,13.330208333333331,temperature
2023-10-12T00:00:00Z,LIRO,0,12.8425,temperature
2023-10-13T00:00:00Z,LIRO,0,12.337291666666667,temperature
2023-10-14T00:00:00Z,LIRO,0,11.85875,temperature
2023-10-15T00:00:00Z,LIRO,0,11.537708333333333,temperature
2023-10-16T00:00:00Z,LIRO,0,11.21,temperature
2023-10-17T00:00:00Z,LIRO,0,11.229583333333334,temperature
2023-10-18T00:00:00Z,LIRO,0,11.115416666666668,temperature
2023-10-19T00:00:00Z,LIRO,0,11.150416666666668,temperature
2023-10-20T00:00:00Z,LIRO,0,11.125625,temperature
2023-10-21T00:00:00Z,LIRO,0,10.781458333333331,temperature
2023-10-22T00:00:00Z,LIRO,0,10.568541666666668,temperature
2023-10-23T00:00:00Z,LIRO,0,10.215833333333332,temperature
2023-10-24T00:00:00Z,LIRO,0,10.239375,temperature
2023-10-25T00:00:00Z,LIRO,0,10.267083333333334,temperature
2023-10-26T00:00:00Z,LIRO,0,10.276875,temperature
2023-10-27T00:00:00Z,LIRO,0,10.345208333333334,temperature
2023-10-28T00:00:00Z,LIRO,0,9.964791666666668,temperature
2023-10-29T00:00:00Z,LIRO,0,9.397083333333333,temperature
2023-10-30T00:00:00Z,LIRO,0,8.707083333333333,temperature
2023-10-31T00:00:00Z,LIRO,0,7.919166666666667,temperature
2023-11-01T00:00:00Z,LIRO,0,7.162083333333333,temperature
2023-11-02T00:00:00Z,LIRO,0,6.630833333333333,temperature
2023-11-03T00:00:00Z,LIRO,0,6.4279166666666665,temperature
2023-11-04T00:00:00Z,LIRO,0,6.256458333333334,temperature
2023-11-05T00:00:00Z,LIRO,0,6.149583333333333,temperature
2023-11-06T00:00:00Z,LIRO,0,6.272916666666667,temperature
2023-11-07T00:00:00Z,LIRO,0,6.129791666666667,temperature
2023-11-08T00:00:00Z,LIRO,0,5.860416666666667,temperature
2023-11-09T00:00:00Z,LIRO,0,5.595416666666667,temperature
2023-11-10T00:00:00Z,LIRO,0,5.320416666666667,temperature
2023-11-11T00:00:00Z,LIRO,0,5.105833333333333,temperature
2023-11-12T00:00:00Z,LIRO,0,4.876666666666667,temperature
2024-03-15T00:00:00Z,LIRO,0,4.978,temperature
2024-03-16T00:00:00Z,LIRO,0,4.866041666666667,temperature
2024-03-17T00:00:00Z,LIRO,0,4.3152083333333335,temperature
2024-03-18T00:00:00Z,LIRO,0,3.734583333333333,temperature
2024-03-19T00:00:00Z,LIRO,0,3.557083333333334,temperature
2024-03-20T00:00:00Z,LIRO,0,3.0170833333333333,temperature
2024-03-21T00:00:00Z,LIRO,0,2.023125,temperature
2024-03-22T00:00:00Z,LIRO,0,1.764375,temperature
2024-03-23T00:00:00Z,LIRO,0,1.779375,temperature
2024-03-24T00:00:00Z,LIRO,0,0.9839583333333334,temperature
2024-03-25T00:00:00Z,LIRO,0,0.23208333333333328,temperature
2024-03-26T00:00:00Z,LIRO,0,0.06687500000000002,temperature
2024-03-27T00:00:00Z,LIRO,0,0.08812500000000001,temperature
2024-03-28T00:00:00Z,LIRO,0,0.1620833333333333,temperature
2024-03-29T00:00:00Z,LIRO,0,0.160625,temperature
2024-03-30T00:00:00Z,LIRO,0,0.24583333333333335,temperature
2024-03-31T00:00:00Z,LIRO,0,0.236875,temperature
2024-04-01T00:00:00Z,LIRO,0,0.6985416666666667,temperature
2024-04-02T00:00:00Z,LIRO,0,1.4622916666666668,temperature
2024-04-03T00:00:00Z,LIRO,0,3.82125,temperature
2024-04-04T00:00:00Z,LIRO,0,3.9966666666666666,temperature
2024-04-05T00:00:00Z,LIRO,0,2.2435416666666668,temperature
2024-04-06T00:00:00Z,LIRO,0,4.351041666666666,temperature
2024-04-07T00:00:00Z,LIRO,0,4.81,temperature
2024-04-08T00:00:00Z,LIRO,0,5.1397916666666665,temperature
2024-04-09T00:00:00Z,LIRO,0,5.485625,temperature
2024-04-10T00:00:00Z,LIRO,0,6.317291666666667,temperature
2024-04-11T00:00:00Z,LIRO,0,7.568958333333334,temperature
2024-04-12T00:00:00Z,LIRO,0,7.455625,temperature
2024-04-13T00:00:00Z,LIRO,0,6.976458333333333,temperature
2024-04-14T00:00:00Z,LIRO,0,8.875833333333333,temperature
2024-04-15T00:00:00Z,LIRO,0,9.555625,temperature
2024-04-16T00:00:00Z,LIRO,0,10.247708333333334,temperature
2024-04-17T00:00:00Z,LIRO,0,9.563541666666666,temperature
2024-04-18T00:00:00Z,LIRO,0,9.285416666666666,temperature
2024-04-19T00:00:00Z,LIRO,0,8.904583333333333,temperature
2024-04-20T00:00:00Z,LIRO,0,8.052083333333334,temperature
2024-04-21T00:00:00Z,LIRO,0,7.875,temperature
2024-04-22T00:00:00Z,LIRO,0,8.386458333333334,temperature
2024-04-23T00:00:00Z,LIRO,0,8.925416666666667,temperature
2024-04-24T00:00:00Z,LIRO,0,8.91625,temperature
2024-04-25T00:00:00Z,LIRO,0,9.766666666666667,temperature
2024-04-26T00:00:00Z,LIRO,0,10.591041666666667,temperature
2024-04-27T00:00:00Z,LIRO,0,10.466041666666667,temperature
2024-04-28T00:00:00Z,LIRO,0,10.332708333333333,temperature
2024-04-29T00:00:00Z,LIRO,0,9.981041666666666,temperature
2024-04-30T00:00:00Z,LIRO,0,10.4525,temperature
2024-05-01T00:00:00Z,LIRO,0,11.37625,temperature
2024-05-02T00:00:00Z,LIRO,0,11.08875,temperature
2024-05-03T00:00:00Z,LIRO,0,11.255416666666669,temperature
2024-05-04T00:00:00Z,LIRO,0,11.995208333333334,temperature
2024-05-05T00:00:00Z,LIRO,0,12.054375,temperature
2024-05-06T00:00:00Z,LIRO,0,13.270208333333333,temperature
2024-05-07T00:00:00Z,LIRO,0,14.288333333333334,temperature
2024-05-08T00:00:00Z,LIRO,0,14.398958333333333,temperature
2024-05-09T00:00:00Z,LIRO,0,14.593958333333331,temperature
2024-05-10T00:00:00Z,LIRO,0,14.719791666666666,temperature
2024-05-11T00:00:00Z,LIRO,0,14.562708333333331,temperature
2024-05-12T00:00:00Z,LIRO,0,15.148125,temperature
2024-05-13T00:00:00Z,LIRO,0,15.926458333333334,temperature
2024-05-14T00:00:00Z,LIRO,0,15.892916666666666,temperature
2024-05-15T00:00:00Z,LIRO,0,16.513958333333335,temperature
2024-05-16T00:00:00Z,LIRO,0,16.931041666666665,temperature
2024-05-17T00:00:00Z,LIRO,0,16.418958333333332,temperature
2024-05-18T00:00:00Z,LIRO,0,17.619791666666668,temperature
2024-05-19T00:00:00Z,LIRO,0,18.24,temperature
2024-05-20T00:00:00Z,LIRO,0,18.320208333333333,temperature
2024-05-21T00:00:00Z,LIRO,0,18.151875,temperature
2024-05-22T00:00:00Z,LIRO,0,17.651875,temperature
2024-05-23T00:00:00Z,LIRO,0,17.56833333333333,temperature
2024-05-24T00:00:00Z,LIRO,0,17.817083333333333,temperature
2024-05-25T00:00:00Z,LIRO,0,17.554166666666667,temperature
2024-05-26T00:00:00Z,LIRO,0,17.846875,temperature
2024-05-27T00:00:00Z,LIRO,0,17.61916666666667,temperature
2024-05-28T00:00:00Z,LIRO,0,17.507083333333334,temperature
2024-05-29T00:00:00Z,LIRO,0,17.318125,temperature
2024-05-30T00:00:00Z,LIRO,0,18.36520833333333,temperature
2024-05-31T00:00:00Z,LIRO,0,18.862708333333337,temperature
2024-06-01T00:00:00Z,LIRO,0,18.748333333333335,temperature
2024-06-02T00:00:00Z,LIRO,0,19.60375,temperature
2024-06-03T00:00:00Z,LIRO,0,20.339375,temperature
2024-06-04T00:00:00Z,LIRO,0,20.832708333333333,temperature
2024-06-05T00:00:00Z,LIRO,0,21.869166666666665,temperature
2024-06-06T00:00:00Z,LIRO,0,20.366458333333338,temperature
2024-06-07T00:00:00Z,LIRO,0,19.582916666666662,temperature
2024-06-08T00:00:00Z,LIRO,0,19.69,temperature
2024-06-09T00:00:00Z,LIRO,0,19.145,temperature
2024-06-10T00:00:00Z,LIRO,0,18.601666666666667,temperature
2024-06-11T00:00:00Z,LIRO,0,18.614791666666665,temperature
2024-06-12T00:00:00Z,LIRO,0,18.305625,temperature
2024-06-13T00:00:00Z,LIRO,0,19.384791666666665,temperature
2024-06-14T00:00:00Z,LIRO,0,20.248541666666668,temperature
2024-06-15T00:00:00Z,LIRO,0,21.070625,temperature
2024-06-16T00:00:00Z,LIRO,0,20.619791666666668,temperature
2024-06-17T00:00:00Z,LIRO,0,20.866041666666668,temperature
2024-06-18T00:00:00Z,LIRO,0,21.520416666666662,temperature
2024-06-19T00:00:00Z,LIRO,0,23.311458333333334,temperature
2024-06-20T00:00:00Z,LIRO,0,22.644166666666667,temperature
2024-06-21T00:00:00Z,LIRO,0,21.86875,temperature
2024-06-22T00:00:00Z,LIRO,0,21.35875,temperature
2024-06-23T00:00:00Z,LIRO,0,21.276041666666668,temperature
2024-06-24T00:00:00Z,LIRO,0,21.761041666666667,temperature
2024-06-25T00:00:00Z,LIRO,0,23.052291666666665,temperature
2024-06-26T00:00:00Z,LIRO,0,23.011666666666667,temperature
2024-06-27T00:00:00Z,LIRO,0,22.425416666666667,temperature
2024-06-28T00:00:00Z,LIRO,0,22.253541666666667,temperature
2024-06-29T00:00:00Z,LIRO,0,21.660833333333333,temperature
2024-06-30T00:00:00Z,LIRO,0,21.342291666666668,temperature
2024-07-01T00:00:00Z,LIRO,0,21.72625,temperature
2024-07-02T00:00:00Z,LIRO,0,21.42125,temperature
2024-07-03T00:00:00Z,LIRO,0,21.194583333333338,temperature
2024-07-04T00:00:00Z,LIRO,0,22.33875,temperature
2024-07-05T00:00:00Z,LIRO,0,22.253958333333333,temperature
2024-07-06T00:00:00Z,LIRO,0,22.667291666666667,temperature
2024-07-07T00:00:00Z,LIRO,0,23.1525,temperature
2024-07-08T00:00:00Z,LIRO,0,22.890833333333333,temperature
2024-07-09T00:00:00Z,LIRO,0,23.425833333333333,temperature
2024-07-10T00:00:00Z,LIRO,0,24.175416666666667,temperature
2024-07-11T00:00:00Z,LIRO,0,24.805416666666662,temperature
2024-07-12T00:00:00Z,LIRO,0,25.404375,temperature
2024-07-13T00:00:00Z,LIRO,0,25.359791666666663,temperature
2024-07-14T00:00:00Z,LIRO,0,25.421041666666667,temperature
2024-07-15T00:00:00Z,LIRO,0,25.97833333333333,temperature
2024-07-16T00:00:00Z,LIRO,0,25.488125,temperature
2024-07-17T00:00:00Z,LIRO,0,24.547708333333333,temperature
2024-07-18T00:00:00Z,LIRO,0,23.82875,temperature
2024-07-19T00:00:00Z,LIRO,0,24.014791666666667,temperature
2024-07-20T00:00:00Z,LIRO,0,24.41125,temperature
2024-07-21T00:00:00Z,LIRO,0,24.7225,temperature
2024-07-22T00:00:00Z,LIRO,0,24.956041666666668,temperature
2024-07-23T00:00:00Z,LIRO,0,24.1625,temperature
2024-07-24T00:00:00Z,LIRO,0,23.514375,temperature
2024-07-25T00:00:00Z,LIRO,0,24.072291666666665,temperature
2024-07-26T00:00:00Z,LIRO,0,24.205208333333335,temperature
2024-07-27T00:00:00Z,LIRO,0,24.265625,temperature
2024-07-28T00:00:00Z,LIRO,0,24.965416666666663,temperature
2024-07-29T00:00:00Z,LIRO,0,25.565833333333337,temperature
2024-07-30T00:00:00Z,LIRO,0,25.860208333333333,temperature
2024-07-31T00:00:00Z,LIRO,0,26.365208333333335,temperature
2024-08-01T00:00:00Z,LIRO,0,26.300625,temperature
2024-08-02T00:00:00Z,LIRO,0,25.840208333333333,temperature
2024-08-03T00:00:00Z,LIRO,0,26.216875,temperature
2024-08-04T00:00:00Z,LIRO,0,25.755,temperature
2024-08-05T00:00:00Z,LIRO,0,25.016666666666666,temperature
2024-08-06T00:00:00Z,LIRO,0,24.284583333333337,temperature
2024-08-07T00:00:00Z,LIRO,0,24.00125,temperature
2024-08-08T00:00:00Z,LIRO,0,23.666875,temperature
2024-08-09T00:00:00Z,LIRO,0,22.89375,temperature
2024-08-10T00:00:00Z,LIRO,0,21.709375,temperature
2024-08-11T00:00:00Z,LIRO,0,21.314583333333335,temperature
2024-08-12T00:00:00Z,LIRO,0,22.034583333333337,temperature
2024-08-13T00:00:00Z,LIRO,0,23.02,temperature
2024-08-14T00:00:00Z,LIRO,0,23.390208333333337,temperature
2024-08-15T00:00:00Z,LIRO,0,22.744791666666668,temperature
2024-08-16T00:00:00Z,LIRO,0,22.348125,temperature
2024-08-17T00:00:00Z,LIRO,0,22.1425,temperature
2024-08-18T00:00:00Z,LIRO,0,21.908125,temperature
2024-08-19T00:00:00Z,LIRO,0,22.000625,temperature
2024-08-20T00:00:00Z,LIRO,0,22.11145833333333,temperature
2024-08-21T00:00:00Z,LIRO,0,22.396041666666665,temperature
2024-08-22T00:00:00Z,LIRO,0,22.25583333333333,temperature
2024-08-23T00:00:00Z,LIRO,0,22.12375,temperature
2024-08-24T00:00:00Z,LIRO,0,22.78,temperature
2024-08-25T00:00:00Z,LIRO,0,23.613125,temperature
2024-08-26T00:00:00Z,LIRO,0,25.259791666666665,temperature
2024-08-27T00:00:00Z,LIRO,0,25.63104166666667,temperature
2024-08-28T00:00:00Z,LIRO,0,23.4,temperature
2024-08-29T00:00:00Z,LIRO,0,22.905625,temperature
2024-08-30T00:00:00Z,LIRO,0,23.115625,temperature
2024-08-31T00:00:00Z,LIRO,0,23.002916666666668,temperature
2024-09-01T00:00:00Z,LIRO,0,22.63104166666667,temperature
2024-09-02T00:00:00Z,LIRO,0,22.322708333333335,temperature
2024-09-03T00:00:00Z,LIRO,0,21.92791666666667,temperature
2024-09-04T00:00:00Z,LIRO,0,21.572708333333335,temperature
2024-09-05T00:00:00Z,LIRO,0,21.28214285714286,temperature
2024-09-06T00:00:00Z,LIRO,0,20.601666666666667,temperature
2024-09-07T00:00:00Z,LIRO,0,20.072291666666665,temperature
2024-09-08T00:00:00Z,LIRO,0,19.619375,temperature
2024-09-09T00:00:00Z,LIRO,0,20.573829787234043,temperature
2024-09-10T00:00:00Z,LIRO,0,20.645625,temperature
2024-09-11T00:00:00Z,LIRO,0,20.653333333333332,temperature
2024-09-12T00:00:00Z,LIRO,0,21.312083333333337,temperature
2024-09-13T00:00:00Z,LIRO,0,21.628958333333333,temperature
2024-09-14T00:00:00Z,LIRO,0,21.53,temperature
2024-09-15T00:00:00Z,LIRO,0,21.878125,temperature
2024-09-16T00:00:00Z,LIRO,0,22.3325,temperature
2024-09-17T00:00:00Z,LIRO,0,22.296041666666667,temperature
2024-09-18T00:00:00Z,LIRO,0,22.180416666666662,temperature
2024-09-19T00:00:00Z,LIRO,0,21.78,temperature
2024-09-20T00:00:00Z,LIRO,0,21.710625,temperature
2024-09-21T00:00:00Z,LIRO,0,21.340625,temperature
2024-09-22T00:00:00Z,LIRO,0,20.703333333333333,temperature
2024-09-23T00:00:00Z,LIRO,0,20.188125,temperature
2024-09-24T00:00:00Z,LIRO,0,19.997916666666665,temperature
2024-09-25T00:00:00Z,LIRO,0,19.745625,temperature
2024-09-26T00:00:00Z,LIRO,0,20.067291666666662,temperature
2024-09-27T00:00:00Z,LIRO,0,20.490208333333335,temperature
2024-09-28T00:00:00Z,LIRO,0,20.519375,temperature
2024-09-29T00:00:00Z,LIRO,0,20.337291666666665,temperature
2024-09-30T00:00:00Z,LIRO,0,19.721458333333334,temperature
2024-10-01T00:00:00Z,LIRO,0,19.266666666666666,temperature
2024-10-02T00:00:00Z,LIRO,0,18.252708333333334,temperature
2024-10-03T00:00:00Z,LIRO,0,17.60375,temperature
2024-10-04T00:00:00Z,LIRO,0,17.050625,temperature
2024-10-05T00:00:00Z,LIRO,0,16.432708333333334,temperature
2024-10-06T00:00:00Z,LIRO,0,16.077083333333334,temperature
2024-10-07T00:00:00Z,LIRO,0,15.22125,temperature
2024-10-08T00:00:00Z,LIRO,0,14.763333333333334,temperature
2024-10-09T00:00:00Z,LIRO,0,14.546666666666669,temperature
2024-10-10T00:00:00Z,LIRO,0,14.097708333333332,temperature
2024-10-11T00:00:00Z,LIRO,0,14.093541666666669,temperature
2024-10-12T00:00:00Z,LIRO,0,13.819791666666667,temperature
2024-10-13T00:00:00Z,LIRO,0,13.366666666666667,temperature
2024-10-14T00:00:00Z,LIRO,0,12.78125,temperature
2024-10-15T00:00:00Z,LIRO,0,12.187083333333334,temperature
2024-10-16T00:00:00Z,LIRO,0,11.67125,temperature
2024-10-17T00:00:00Z,LIRO,0,11.195416666666668,temperature
2024-10-18T00:00:00Z,LIRO,0,11.024166666666666,temperature
2024-10-19T00:00:00Z,LIRO,0,11.220208333333334,temperature
2024-10-20T00:00:00Z,LIRO,0,11.972083333333334,temperature
2024-10-21T00:00:00Z,LIRO,0,12.62375,temperature
2024-10-22T00:00:00Z,LIRO,0,13.079166666666667,temperature
2024-10-23T00:00:00Z,LIRO,0,12.774583333333334,temperature
2024-10-24T00:00:00Z,LIRO,0,11.61,temperature
2024-10-25T00:00:00Z,LIRO,0,11.389583333333333,temperature
2024-10-26T00:00:00Z,LIRO,0,11.052708333333332,temperature
2024-10-27T00:00:00Z,LIRO,0,10.637083333333331,temperature
2024-10-28T00:00:00Z,LIRO,0,10.536666666666669,temperature
2024-10-29T00:00:00Z,LIRO,0,11.118125,temperature
2024-10-30T00:00:00Z,LIRO,0,12.193958333333333,temperature
2024-10-31T00:00:00Z,LIRO,0,11.007916666666668,temperature
2024-11-01T00:00:00Z,LIRO,0,10.233125,temperature
2024-11-02T00:00:00Z,LIRO,0,9.668333333333331,temperature
2024-11-03T00:00:00Z,LIRO,0,9.394166666666669,temperature
2024-11-04T00:00:00Z,LIRO,0,9.30875,temperature
2024-11-05T00:00:00Z,LIRO,0,9.3925,temperature
2024-11-06T00:00:00Z,LIRO,0,9.157916666666669,temperature
2024-11-07T00:00:00Z,LIRO,0,8.768541666666666,temperature
2024-11-08T00:00:00Z,LIRO,0,8.508541666666666,temperature
2024-11-09T00:00:00Z,LIRO,0,8.100416666666666,temperature
2024-11-10T00:00:00Z,LIRO,0,8.004583333333333,temperature
2024-11-11T00:00:00Z,LIRO,0,7.849375,temperature
2024-11-12T00:00:00Z,LIRO,0,7.330833333333333,temperature
2024-11-13T00:00:00Z,LIRO,0,6.963571428571428,temperature
2025-04-17T00:00:00Z,LIRO,0,6.439,temperature
2025-04-18T00:00:00Z,LIRO,0,6.830625,temperature
2025-04-19T00:00:00Z,LIRO,0,6.449791666666667,temperature
2025-04-20T00:00:00Z,LIRO,0,6.553125,temperature
2025-04-21T00:00:00Z,LIRO,0,6.604583333333333,temperature
2025-04-22T00:00:00Z,LIRO,0,6.3525,temperature
2025-04-23T00:00:00Z,LIRO,0,6.701666666666667,temperature
2025-04-24T00:00:00Z,LIRO,0,8.111666666666666,temperature
2025-04-25T00:00:00Z,LIRO,0,8.323541666666667,temperature
2025-04-26T00:00:00Z,LIRO,0,8.133125,temperature
2025-04-27T00:00:00Z,LIRO,0,9.513541666666669,temperature
2025-04-28T00:00:00Z,LIRO,0,9.57875,temperature
2025-04-29T00:00:00Z,LIRO,0,10.229032258064516,temperature
2025-04-30T00:00:00Z,LIRO,0,10.178958333333334,temperature
2025-05-01T00:00:00Z,LIRO,0,11.214,temperature
2025-05-02T00:00:00Z,LIRO,0,10.824166666666668,temperature
2025-05-03T00:00:00Z,LIRO,0,10.973541666666666,temperature
2025-05-04T00:00:00Z,LIRO,0,12.541666666666666,temperature
2025-05-05T00:00:00Z,LIRO,0,14.59625,temperature
2025-05-06T00:00:00Z,LIRO,0,15.902083333333334,temperature
2025-05-07T00:00:00Z,LIRO,0,15.698541666666667,temperature
2025-05-08T00:00:00Z,LIRO,0,15.1,temperature
2025-05-09T00:00:00Z,LIRO,0,15.397083333333333,temperature
2025-05-10T00:00:00Z,LIRO,0,15.810625,temperature
2025-05-11T00:00:00Z,LIRO,0,15.873541666666666,temperature
2025-05-12T00:00:00Z,LIRO,0,16.869583333333335,temperature
2025-05-13T00:00:00Z,LIRO,0,18.271041666666665,temperature
2025-05-14T00:00:00Z,LIRO,0,19.902916666666663,temperature
2025-05-15T00:00:00Z,LIRO,0,20.839375,temperature
2025-05-16T00:00:00Z,LIRO,0,20.397291666666668,temperature
2025-05-17T00:00:00Z,LIRO,0,18.880416666666665,temperature
2025-05-18T00:00:00Z,LIRO,0,17.359583333333333,temperature
2025-05-19T00:00:00Z,LIRO,0,16.058541666666667,temperature
2025-05-20T00:00:00Z,LIRO,0,15.34125,temperature
2025-05-21T00:00:00Z,LIRO,0,14.525625,temperature
2025-05-22T00:00:00Z,LIRO,0,14.225625,temperature
2025-05-23T00:00:00Z,LIRO,0,13.950208333333332,temperature
2025-05-24T00:00:00Z,LIRO,0,14.154166666666669,temperature
2025-05-25T00:00:00Z,LIRO,0,14.688958333333334,temperature
2025-05-26T00:00:00Z,LIRO,0,15.694166666666666,temperature
2025-05-27T00:00:00Z,LIRO,0,16.589375,temperature
2025-05-28T00:00:00Z,LIRO,0,16.633125,temperature
2025-05-29T00:00:00Z,LIRO,0,17.305208333333333,temperature
2025-05-30T00:00:00Z,LIRO,0,17.863541666666666,temperature
2025-05-31T00:00:00Z,LIRO,0,18.024166666666662,temperature
2025-06-01T00:00:00Z,LIRO,0,18.368541666666665,temperature
2025-06-02T00:00:00Z,LIRO,0,19.231875,temperature
2025-06-03T00:00:00Z,LIRO,0,19.780833333333337,temperature
2025-06-04T00:00:00Z,LIRO,0,19.208541666666665,temperature
2025-06-05T00:00:00Z,LIRO,0,20.235625,temperature
2025-06-06T00:00:00Z,LIRO,0,20.550625,temperature
2025-06-07T00:00:00Z,LIRO,0,20.23229166666667,temperature
2025-06-08T00:00:00Z,LIRO,0,20.256666666666668,temperature
2025-06-09T00:00:00Z,LIRO,0,19.659166666666668,temperature
2025-06-10T00:00:00Z,LIRO,0,19.075,temperature
2025-06-11T00:00:00Z,LIRO,0,18.863541666666663,temperature
2025-06-12T00:00:00Z,LIRO,0,19.363125,temperature
2025-06-13T00:00:00Z,LIRO,0,18.968541666666667,temperature
2025-06-14T00:00:00Z,LIRO,0,17.856458333333332,temperature
2025-06-15T00:00:00Z,LIRO,0,17.58875,temperature
2025-06-16T00:00:00Z,LIRO,0,18.3625,temperature
2025-06-17T00:00:00Z,LIRO,0,20.539791666666662,temperature
2025-06-18T00:00:00Z,LIRO,0,22.011041666666667,temperature
2025-06-19T00:00:00Z,LIRO,0,22.09,temperature
2025-06-20T00:00:00Z,LIRO,0,22.381875,temperature
2025-06-21T00:00:00Z,LIRO,0,23.719166666666663,temperature
2025-06-22T00:00:00Z,LIRO,0,25.804791666666667,temperature
2025-06-23T00:00:00Z,LIRO,0,26.591458333333332,temperature
2025-06-24T00:00:00Z,LIRO,0,26.409791666666667,temperature
2025-06-25T00:00:00Z,LIRO,0,25.405833333333337,temperature
2025-06-26T00:00:00Z,LIRO,0,23.102708333333332,temperature
2025-06-27T00:00:00Z,LIRO,0,21.60375,temperature
2025-06-28T00:00:00Z,LIRO,0,21.57875,temperature
2025-06-29T00:00:00Z,LIRO,0,23.087291666666665,temperature
2025-06-30T00:00:00Z,LIRO,0,24.161875,temperature
2025-07-01T00:00:00Z,LIRO,0,24.347916666666663,temperature
2025-07-02T00:00:00Z,LIRO,0,24.640416666666667,temperature
2025-07-03T00:00:00Z,LIRO,0,25.3125,temperature
2025-07-04T00:00:00Z,LIRO,0,26.158125,temperature
2025-07-05T00:00:00Z,LIRO,0,26.220625,temperature
2025-07-06T00:00:00Z,LIRO,0,25.465,temperature
2025-07-07T00:00:00Z,LIRO,0,25.217291666666668,temperature
2025-07-08T00:00:00Z,LIRO,0,25.747083333333332,temperature
2025-07-09T00:00:00Z,LIRO,0,25.487708333333337,temperature
2025-07-10T00:00:00Z,LIRO,0,25.390416666666667,temperature
2025-07-11T00:00:00Z,LIRO,0,25.847708333333333,temperature
2025-07-12T00:00:00Z,LIRO,0,26.194583333333338,temperature
2025-07-13T00:00:00Z,LIRO,0,25.511666666666667,temperature
2025-07-14T00:00:00Z,LIRO,0,25.970208333333332,temperature
2025-07-15T00:00:00Z,LIRO,0,26.701875,temperature
2025-07-16T00:00:00Z,LIRO,0,25.817291666666662,temperature
2025-07-17T00:00:00Z,LIRO,0,23.877083333333335,temperature
2025-07-18T00:00:00Z,LIRO,0,23.626666666666665,temperature
2025-07-19T00:00:00Z,LIRO,0,23.32375,temperature
2025-07-20T00:00:00Z,LIRO,0,23.505416666666665,temperature
2025-07-21T00:00:00Z,LIRO,0,23.785416666666663,temperature
2025-07-22T00:00:00Z,LIRO,0,23.624166666666667,temperature
2025-07-23T00:00:00Z,LIRO,0,23.981458333333332,temperature
2025-07-24T00:00:00Z,LIRO,0,23.946875,temperature
2025-07-25T00:00:00Z,LIRO,0,24.732291666666665,temperature
2025-07-26T00:00:00Z,LIRO,0,25.73875,temperature
2025-07-27T00:00:00Z,LIRO,0,26.661666666666665,temperature
2025-07-28T00:00:00Z,LIRO,0,27.457291666666663,temperature
2025-07-29T00:00:00Z,LIRO,0,27.52875,temperature
2025-07-30T00:00:00Z,LIRO,0,26.652708333333333,temperature
2025-07-31T00:00:00Z,LIRO,0,25.675208333333337,temperature
2025-08-01T00:00:00Z,LIRO,0,25.109375,temperature
2025-08-02T00:00:00Z,LIRO,0,24.905416666666667,temperature
2025-08-03T00:00:00Z,LIRO,0,24.793125,temperature
2025-08-04T00:00:00Z,LIRO,0,24.870208333333338,temperature
2025-08-05T00:00:00Z,LIRO,0,24.878958333333333,temperature
2025-08-06T00:00:00Z,LIRO,0,24.579583333333332,temperature
2025-08-07T00:00:00Z,LIRO,0,24.695833333333333,temperature
2025-08-08T00:00:00Z,LIRO,0,25.55270833333333,temperature
2025-08-09T00:00:00Z,LIRO,0,25.230625,temperature
2025-08-10T00:00:00Z,LIRO,0,24.252708333333334,temperature
2025-08-11T00:00:00Z,LIRO,0,24.4375,temperature
2025-08-12T00:00:00Z,LIRO,0,24.472916666666663,temperature
2025-08-13T00:00:00Z,LIRO,0,24.554375,temperature
2025-08-14T00:00:00Z,LIRO,0,24.392083333333332,temperature
2025-08-15T00:00:00Z,LIRO,0,24.683958333333333,temperature
2025-08-16T00:00:00Z,LIRO,0,24.668958333333332,temperature
2025-08-17T00:00:00Z,LIRO,0,23.964791666666667,temperature
2025-08-18T00:00:00Z,LIRO,0,23.479375,temperature
2025-08-19T00:00:00Z,LIRO,0,23.025,temperature
2025-08-20T00:00:00Z,LIRO,0,23.034791666666667,temperature
2025-08-21T00:00:00Z,LIRO,0,22.961041666666667,temperature
2025-08-22T00:00:00Z,LIRO,0,23.153541666666666,temperature
2025-08-23T00:00:00Z,LIRO,0,22.44875,temperature
2025-08-24T00:00:00Z,LIRO,0,21.676666666666662,temperature
2025-08-25T00:00:00Z,LIRO,0,20.915,temperature
2025-08-26T00:00:00Z,LIRO,0,20.655833333333337,temperature
2025-08-27T00:00:00Z,LIRO,0,20.305416666666662,temperature
2025-08-28T00:00:00Z,LIRO,0,20.526458333333338,temperature
2025-08-29T00:00:00Z,LIRO,0,20.753958333333333,temperature
2025-08-30T00:00:00Z,LIRO,0,21.122708333333332,temperature
2025-08-31T00:00:00Z,LIRO,0,21.349375,temperature
2025-09-01T00:00:00Z,LIRO,0,21.934583333333332,temperature
2025-09-02T00:00:00Z,LIRO,0,21.597916666666663,temperature
2025-09-03T00:00:00Z,LIRO,0,20.72125,temperature
2025-09-04T00:00:00Z,LIRO,0,19.52166666666667,temperature
2025-09-05T00:00:00Z,LIRO,0,18.345208333333332,temperature
2025-09-06T00:00:00Z,LIRO,0,17.6075,temperature
2025-09-07T00:00:00Z,LIRO,0,17.006458333333335,temperature
2025-09-08T00:00:00Z,LIRO,0,16.808333333333334,temperature
2025-09-09T00:00:00Z,LIRO,0,16.965,temperature
2025-09-10T00:00:00Z,LIRO,0,16.80291666666667,temperature
2025-09-11T00:00:00Z,LIRO,0,16.926041666666666,temperature
2025-09-12T00:00:00Z,LIRO,0,17.523125,temperature
2025-09-13T00:00:00Z,LIRO,0,19.284166666666668,temperature
2025-09-14T00:00:00Z,LIRO,0,20.655,temperature
2025-09-15T00:00:00Z,LIRO,0,21.004583333333333,temperature
2025-09-16T00:00:00Z,LIRO,0,21.400833333333335,temperature
2025-09-17T00:00:00Z,LIRO,0,22.154791666666668,temperature
2025-09-18T00:00:00Z,LIRO,0,21.726041666666667,temperature
2025-09-19T00:00:00Z,LIRO,0,21.140833333333333,temperature
2025-09-20T00:00:00Z,LIRO,0,20.395208333333333,temperature
2025-09-21T00:00:00Z,LIRO,0,19.797708333333333,temperature
2025-09-22T00:00:00Z,LIRO,0,20.173333333333332,temperature
2025-09-23T00:00:00Z,LIRO,0,20.085416666666667,temperature
2025-09-24T00:00:00Z,LIRO,0,19.539583333333333,temperature
2025-09-25T00:00:00Z,LIRO,0,19.529166666666665,temperature
2025-09-26T00:00:00Z,LIRO,0,19.515416666666667,temperature
2025-09-27T00:00:00Z,LIRO,0,19.031666666666663,temperature
2025-09-28T00:00:00Z,LIRO,0,18.575833333333332,temperature
2025-09-29T00:00:00Z,LIRO,0,19.008541666666662,temperature
2025-09-30T00:00:00Z,LIRO,0,19.487708333333337,temperature
2025-10-01T00:00:00Z,LIRO,0,19.345833333333335,temperature
2025-10-02T00:00:00Z,LIRO,0,19.153541666666666,temperature
2025-10-03T00:00:00Z,LIRO,0,19.926458333333333,temperature
2025-10-04T00:00:00Z,LIRO,0,20.079375,temperature
2025-10-05T00:00:00Z,LIRO,0,19.838958333333338,temperature
2025-10-06T00:00:00Z,LIRO,0,19.339583333333337,temperature
2025-10-07T00:00:00Z,LIRO,0,18.354583333333338,temperature
2025-10-08T00:00:00Z,LIRO,0,17.441875,temperature
2025-10-09T00:00:00Z,LIRO,0,16.5,temperature
2025-10-10T00:00:00Z,LIRO,0,16.091458333333332,temperature
2025-10-11T00:00:00Z,LIRO,0,15.770833333333334,temperature
2025-10-12T00:00:00Z,LIRO,0,15.341666666666669,temperature
2025-10-13T00:00:00Z,LIRO,0,15.365416666666668,temperature
2025-10-14T00:00:00Z,LIRO,0,14.859791666666666,temperature
2025-10-15T00:00:00Z,LIRO,0,14.623541666666666,temperature
2025-10-16T00:00:00Z,LIRO,0,14.091041666666667,temperature
2025-10-17T00:00:00Z,LIRO,0,14.053333333333333,temperature
2025-10-18T00:00:00Z,LIRO,0,14.488333333333332,temperature
2025-10-19T00:00:00Z,LIRO,0,13.968958333333331,temperature
2025-10-20T00:00:00Z,LIRO,0,13.211041666666668,temperature
2025-10-21T00:00:00Z,LIRO,0,12.766041666666666,temperature
2025-10-22T00:00:00Z,LIRO,0,12.189791666666666,temperature
2025-10-23T00:00:00Z,LIRO,0,11.608541666666667,temperature
2025-10-24T00:00:00Z,LIRO,0,11.29,temperature
2025-10-25T00:00:00Z,LIRO,0,10.74375,temperature
2025-10-26T00:00:00Z,LIRO,0,10.467708333333333,temperature
2025-10-27T00:00:00Z,LIRO,0,10.299166666666666,temperature
2025-10-28T00:00:00Z,LIRO,0,10.019791666666666,temperature
2025-10-29T00:00:00Z,LIRO,0,9.72222222222222,temperature
